new menu,bench marks,,,
HNSS DCBMS FINAL,,,HNSS DCBMS FINAL.xlsx,
new menu,hydraulic,,,
113.600 TO 114.000,113.600 TO 114.000.dwg,113.600  to 114.000.pdf,,
114.000 TO 115.300,114.000 TO 115.300.dwg,114.000  to 115.300.pdf,,
115.300 TO  115.350,115.300 TO  115.350.dwg,115.300 to 115.350.pdf,,
115.350 TO 125.000,115.350 TO 125.000.dwg,115.350 to 125.000.pdf,,
125.000 TO 125.050,125.000 TO 125.050.dwg,125.000 to 125.050.pdf,,
125.050 TO 133.300,125.050 TO 133.300.dwg,125.050 to 133.300.pdf,,
133.300 TO 133.350,133.300 TO 133.350.dwg,133.300 to 133.350.pdf,,
133.350 TO 134.270,133.350 TO 134.270.dwg,133.350 to 134.270.pdf,,
134.000 TO 135.600,134.000 TO 135.600.dwg,134.000  to 135.600.pdf,,
135.600 TO 135.650,135.600 TO 135.650.dwg,135.600 TO 135.650.pdf,,
135.650 TO 139.830,135.650 TO 139.830.dwg,135.650 TO 139.830.pdf,,
139.830 TO 139.880,139.830 TO 139.880.dwg,139.830 TO 139.880.pdf,,
139.880 TO 140.750,139.880 TO 140.750.dwg,139.880 TO 140.750.pdf,,
140.750 TO 140.800,140.750 TO 140.800.dwg,140.750 TO 140.800.pdf,,
140.800 TO 142.200,140.800 TO 142.200.dwg,140.800 TO 142.200.pdf,,
142.050 TO 144.080,142.050 TO 144.080.dwg,142.050 TO 144.080.pdf,,
142.200 TO 142.050,142.200 TO 142.050.dwg,142.200 TO 142.050.pdf,,
144.080 TO 144.130,144.080 TO 144.130.dwg,144.080 TO 144.130.pdf,,
144.130 TO 147.600,144.130 TO 147.600.dwg,144.130 TO 147.600.pdf,,
147.600 TO 147.650,147.600 TO 147.650.dwg,147.600 TO 147.650.pdf,,
147.650 TO 149.550,147.650 TO 149.550.dwg,147.650 TO 149.550.pdf,,
149.550 TO 149.600,149.550 TO 149.600.dwg,149.550 TO 149.600.pdf,,
149.600 TO 153.300,149.600 TO 153.300.dwg,149.600 TO 153.300.pdf,,
153.300 TO 153.350,153.300 TO 153.350.dwg,153.300 TO 153.350.pdf,,
153.350 TO 154.700,153.350 TO 154.700.dwg,153.350 TO 154.700.pdf,,
154.700 TO 154.750,154.700 TO 154.750.dwg,154.700 TO 154.750.pdf,,
154.750 TO 155.400,154.750 TO 155.400.dwg,154.750 TO 155.400.pdf,,
155.000 TO 159.500,155.000 TO 159.500.dwg,155.00-159.500.pdf,,
159.500 TO 159.550,159.500 TO 159.550.dwg,159.500-159.550.pdf,,
159.550 TO 160.050,159.550 TO 160.050.dwg,159.550-160.050.pdf,,
160.050 TO 160.100,160.050 TO 160.100.dwg,160.050-160.100.pdf,,
160.100 TO 161.775,160.100 TO 161.775.dwg,160.100-161.775.pdf,,
161.775 TO 161.825,161.775 TO 161.825.dwg,161.775-161.825.pdf,,
161.825 TO 162.400,161.825 TO 162.400.dwg,161.825 -162.400.pdf,,
162.400 TO 162.450,162.400 TO 162.450.dwg,162.400-162.450.pdf,,
162.450 TO 162.825,162.450 TO 162.825.dwg,162.450-162.825.pdf,,
162.825 TO  162.875,162.825 TO  162.875.dwg,162.825 - 162.875.pdf,,
162.875 TO 163.550,162.875 TO 163.550.dwg,162.875 -163.550.pdf,,
163.550 TO  163.600,163.550 TO  163.600.dwg,163.550 - 163.600.pdf,,
163.600 TO 164.450,163.600 TO 164.450.dwg,163.600 -164.450.pdf,,
164.450 TO 164.500,164.450 TO 164.500.dwg,164.450-164.500.pdf,,
164.500 TO 165.050,164.500 TO 165.050.dwg,164.500-165.050.pdf,,
165.050 TO 165.100,165.050 TO 165.100.dwg,165.050-165.100.pdf,,
165.100 TO  165.300,165.100 TO  165.300.dwg,165.100 - 165.300.pdf,,
165.300 TO 165.350,165.300 TO 165.350.dwg,165.300-165.350.pdf,,
165.350 TO 166.850,165.350 TO 166.850.dwg,165.350-166.850.pdf,,
166.850 TO 166.900,166.850 TO 166.900.dwg,166.850 -166.900.pdf,,
166.900 TO 168.950,166.900 TO 168.950.dwg,166.900-168.950.pdf,,
168.950 TO 169.000,168.950 TO 169.000.dwg,168.950-169.000.pdf,,
169.000 TO 169.500,169.000 TO 169.500.dwg,169.000-169.500.pdf,,
169.500 TO 169.550,169.500 TO 169.550.dwg,169.500-169.550.pdf,,
169.550 TO 170.050,169.550 TO 170.050.dwg,169.550-170.050.pdf,,
170.050 TO 170.100,170.050 TO 170.100.dwg,170.050-170.100.pdf,,
170.100 TO 170.600,170.100 TO 170.600.dwg,170.100-170.600.pdf,,
170.600 TO 170.650,170.600 TO 170.650.dwg,170.600-170.650.pdf,,
170.650 TO 172.400,170.650 TO 172.400.dwg,170.650-172.400.pdf,,
172.400 TO 172.450,172.400 TO 172.450.dwg,172.400-172.450.pdf,,
172.450 TO 173.800,172.450 TO 173.800.dwg,172.450-173.800.pdf,,
174.000 TO 175.000,174.000 TO 175.000.dwg,174.000-175.000.pdf,,
175.000 TO 175.050,175.000 TO 175.050.dwg,175.000-175.050.pdf,,
176.000 TO 177.275,176.000 TO 177.275.dwg,176.000 TO 177.275.pdf,,
177.275 TO 177.325,177.275 TO 177.325.dwg,177.275 TO 177.325.pdf,,
177.325 TO 179.575,177.325 TO 179.575.dwg,177.325 TO 179.575.pdf,,
179.575 TO 179.625,179.575 TO 179.625.dwg,179.575 TO 179.625.pdf,,
179.625 TO 180.275,179.625 TO 180.275.dwg,179.625 TO 180.275.pdf,,
180.275 TO 180.325,180.275 TO 180.325.dwg,180.275 TO 180.325.pdf,,
180.325 TO 180.775,180.325 TO 180.775.dwg,180.325 TO 180.775.pdf,,
180.775 TO180.825,180.775 TO180.825.dwg,180.775 TO180.825.pdf,,
180.825 TO182.100,180.825 TO182.100.dwg,180.825 TO182.100.pdf,,
182.100 TO182.150,182.100 TO182.150.dwg,182.100 TO182.150.pdf,,
182.150  TO 182.550,182.150  TO 182.550.dwg,182.150  TO 182.550.pdf,,
182.550  TO 182.600,182.550  TO 182.600.dwg,182.550  TO 182.600.pdf,,
182.600  TO 187.550,182.600  TO 187.550.dwg,182.600  TO 187.550.pdf,,
187.550  TO 187.600,187.550  TO 187.600.dwg,187.550  TO 187.600.pdf,,
192.000 TO 194.000,192.000 TO 194.000.dwg,192.000 TO 194.000.pdf,,
194.000 TO 194.050,194.000 TO 194.050.dwg,194.000 TO 194.050.pdf,,
194.050 TO 195.500,194.050 TO 195.500.dwg,194.050 TO 195.500.pdf,,
195.500 TO 195.550,195.500 TO 195.550.dwg,195.500 TO 195.550.pdf,,
195.550 TO 195.625,195.550 TO 195.625.dwg,195.550 TO 195.625.pdf,,
195.625 TO 195.675,195.625 TO 195.675.dwg,195.625 TO 195.675.pdf,,
195.675 TO 199.000,195.675 TO 199.000.dwg,195.675 TO 199.000.pdf,,
199.000 TO 199.050,199.000 TO 199.050.dwg,199.000 TO 199.050.pdf,,
199.050 TO 199.550,199.050 TO 199.550.dwg,199.050 TO 199.550.pdf,,
199.550 TO 199.600,199.550 TO 199.600.dwg,199.550 TO 199.600.pdf,,
199.600 TO 202.150,199.600 TO 202.150.dwg,199.600 TO 202.150.pdf,,
202.150 TO 202.200,202.150 TO 202.200.dwg,202.150 TO 202.200.pdf,,
202.200 TO 202.675,202.200 TO 202.675.dwg,202.200 TO 202.675.pdf,,
202.675 TO 202.725,202.675 TO 202.725.dwg,202.675 TO 202.725.pdf,,
202.725 TO 204.150,202.725 TO 204.150.dwg,202.725 TO 204.150.pdf,,
204.150 TO 204.200,204.150 TO 204.200.dwg,204.150 TO 204.200.pdf,,
204.200 TO 205.050,204.200 TO 205.050.dwg,204.200 TO 205.050.pdf,,
205.050 TO 205.100,205.050 TO 205.100.dwg,205.050 TO 205.100.pdf,,
205.100 TO 206.825,205.100 TO 206.825.dwg,205.100 TO 206.825.pdf,,
206.825 TO 206.875,206.825 TO 206.875.dwg,206.825 TO 206.875.pdf,,
206.875 TO 208.625,206.875 TO 208.625.dwg,206.875 TO 208.625.pdf,,
208.625 TO 208.675,208.625 TO 208.675.dwg,208.625 TO 208.675.pdf,,
208.675 TO 208.950,208.675 TO 208.950.dwg,208.675 TO 208.950.pdf,,
208.950 TO 209.000,208.950 TO 209.000.dwg,208.950 TO 209.000.pdf,,
209.000 TO 209.450,209.000 TO 209.450.dwg,209.000 TO 209.450.pdf,,
210.000 TO 210.300,210.000 TO 210.300.dwg,210.000 TO 210.300.pdf,,
210.300 TO 210.350,210.300 TO 210.350.dwg,210.300 TO 210.350.pdf,,
210.350 TO 210.775,210.350 TO 210.775.dwg,210.350 TO 210.775.pdf,,
210.775 TO 210.825,210.775 TO 210.825.dwg,210.775 TO 210.825.pdf,,
210.825 TO 211.175,210.825 TO 211.175.dwg,210.825 TO 211.175.pdf,,
211.175 TO 211.225,211.175 TO 211.225.dwg,211.175 TO 211.225.pdf,,
211.225 TO 211.700,211.225 TO 211.700.dwg,211.225 TO 211.700.pdf,,
211.700 TO 211.750,211.700 TO 211.750.dwg,211.700 TO 211.750.pdf,,
211.750 TO 213.700,211.750 TO 213.700.dwg,211.750 TO 213.700.pdf,,
213.700 TO 213.750,213.700 TO 213.750.dwg,213.700 TO 213.750.pdf,,
213.750 TO 216.208,213.750 TO 216.208.dwg,213.750 TO 216.208.pdf,,
new menu,structures,,,
KM 114.865-SLB,KM 114.865-SLB/KM 114.865-SLB- SECTION DETAIL-2.dwg,,KM 114.865-SLB/KM 114.865-SLB- SECTION DETAIL-2.jpg,
KM 114.865-SLB,KM 114.865-SLB/KM 114.865-SLB-GENERAL PLAN-1.dwg,,KM 114.865-SLB/KM 114.865-SLB-GENERAL PLAN-1.jpg,KM 114.865-SLB/KM 114.865-SLB.xls
KM 116.623-UT,KM 116.623-UT/KM 116.623-UT-GENERAL PLAN-1.dwg,,KM 116.623-UT/KM 116.623-UT-GENERAL PLAN-1.jpg,KM 116.623-UT/KM 116.623-UT.xls
KM 117.093-UT,KM 117.093-UT/KM117.093-UT-GENERAL PLAN-1.dwg,,KM 117.093-UT/KM117.093-UT-GENERAL PLAN-1.jpg,
KM 117.093-UT,KM 117.093-UT/KM117.093-UT-RCC DETAIL-3.dwg,,KM 117.093-UT/KM117.093-UT-RCC DETAIL-3.jpg,
KM 117.093-UT,KM 117.093-UT/KM117.093-UT-SECTION DETAIL-2.dwg,,KM 117.093-UT/KM117.093-UT-SECTION DETAIL-2.jpg,KM 117.093-UT/KM117.093-UT.xls
KM 117.912-DLB,KM 117.912-DLB/KM117.912-DLB-GENERAL PLAN-1.dwg,,KM 117.912-DLB/KM117.912-DLB-GENERAL PLAN-1.jpg,
KM 117.912-DLB,KM 117.912-DLB/KM117.912-DLB-SECTION DETAIL-2.dwg,,KM 117.912-DLB/KM117.912-DLB-SECTION DETAIL-2.jpg,KM 117.912-DLB/KM117.912-DLB.xls
KM 118.075-UT,KM 118.075-UT/KM118.075-UT-GENERAL  PLAN -1.dwg,,KM 118.075-UT/KM118.075-UT-GENERAL  PLAN -1.jpg,
KM 118.075-UT,KM 118.075-UT/KM118.075-UT-RCC DETAIL-3.dwg,,KM 118.075-UT/KM118.075-UT-RCC DETAIL-3.jpg,
KM 118.075-UT,KM 118.075-UT/KM118.075-UT-SECTION DETAIL-2.dwg,,KM 118.075-UT/KM118.075-UT-SECTION DETAIL-2.jpg,KM 118.075-UT/KM118.075-UT.xls
KM 119.027-SLB,KM 119.027-SLB/KM119.027-SLB-PLAN-1.dwg,,KM 119.027-SLB/KM119.027-SLB-PLAN-1.jpg,
KM 119.027-SLB,KM 119.027-SLB/KM119.027-SLB-RCC DETAIL-3.dwg,,KM 119.027-SLB/KM119.027-SLB-RCC DETAIL-3.jpg,
KM 119.027-SLB,KM 119.027-SLB/KM119.027-SLB-SECTION DETAIL-2.dwg,,KM 119.027-SLB/KM119.027-SLB-SECTION DETAIL-2.jpg,KM 119.027-SLB/KM119.027-SLB.xls
KM 119.763-UT,KM 119.763-UT/KM119.763-UT-GENERAL PLAN-1.dwg,,KM 119.763-UT/KM119.763-UT-GENERAL PLAN-1.jpg,
KM 119.763-UT,KM 119.763-UT/KM119.763-UT-RCC DETAIL-3.dwg,,KM 119.763-UT/KM119.763-UT-RCC DETAIL-3.jpg,
KM 119.763-UT,KM 119.763-UT/KM119.763-UT-SECTION DETAIL-2.dwg,,KM 119.763-UT/KM119.763-UT-SECTION DETAIL-2.jpg,KM 119.763-UT/KM119.763-UT.xls
KM 121.740-DLB,KM 121.740-DLB/KM121.740-DLB-GENERAL PLAN-1.dwg,,KM 121.740-DLB/KM121.740-DLB-GENERAL PLAN-1.jpg,
KM 121.740-DLB,KM 121.740-DLB/KM121.740-DLB-SECTION DETAIL-2.dwg,,KM 121.740-DLB/KM121.740-DLB-SECTION DETAIL-2.jpg,KM 121.740-DLB/KM121.740-DLB.xls
KM 123.254-SLB,KM 123.254-SLB/KM123.254-SLB-GENERAL PLAN-1.dwg,,KM 123.254-SLB/KM123.254-SLB-GENERAL PLAN-1.jpg,
KM 123.254-SLB,KM 123.254-SLB/KM123.254-SLB-RCC DETAIL-3.dwg,,KM 123.254-SLB/KM123.254-SLB-RCC DETAIL-3.jpg,
KM 123.254-SLB,KM 123.254-SLB/KM123.254-SLB-SECTION DETAIL-2.dwg,,KM 123.254-SLB/KM123.254-SLB-SECTION DETAIL-2.jpg,KM 123.254-SLB/KM123.254-SLB.xls
KM 123.292-UT,KM 123.292-UT/KM123.292-UT-GENERAL PLAN-1.dwg,,KM 123.292-UT/KM123.292-UT- RCC DETAIL-3.jpg,
KM 123.292-UT,KM 123.292-UT/KM123.292-UT-RCC DETAIL-3.dwg,,KM 123.292-UT/KM123.292-UT-GENERAL PLAN-1.jpg,
KM 123.292-UT,KM 123.292-UT/KM123.292-UT-SECTION DETAIL-2.dwg,,KM 123.292-UT/KM123.292-UT-SECTION DETAIL-2.jpg,KM 123.292-UT/KM123.292-UT.xls
KM 124.050-SLB,KM 124.050-SLB/KM124.050-SLB-GENERAL PLAN-1.dwg,,KM 124.050-SLB/KM124.050-SLB-GENERAL PLAN-1.jpg,
KM 124.050-SLB,KM 124.050-SLB/KM124.050-SLB-RCC DETAIL-3.dwg,,KM 124.050-SLB/KM124.050-SLB-RCC DETAIL-3.jpg,
KM 124.050-SLB,KM 124.050-SLB/KM124.050-SLB-SECTION DETAIL-2.dwg,,KM 124.050-SLB/KM124.050-SLB-SECTION DETAIL-2.jpg,KM 124.050-SLB/KM124.050-SLB.xls
KM 125.155-SP,KM 125.155-SP/KM125.155-SP-GENERAL PLAN-1.dwg,,KM 125.155-SP/KM125.155-SP-GENERAL PLAN-1.jpg,KM 125.155-SP/KM125.155-SP.xls
KM 126.110-SP,KM 126.110-SP/KM126.110-SP-1.dwg,,KM 126.110-SP/KM126.110-SP-1.jpg,KM 126.110-SP/KM126.110-SP.xls
KM 128.073-UT,KM 128.073-UT/KM-128.073-UT-GENERAL PLAN.dwg,,KM 128.073-UT/KM-128.073-UT-GENERAL PLAN.jpg,KM 128.073-UT/KM1128.073-UT.xls
KM 128.073-UT,KM 128.073-UT/KM-128.073-UT-SECTION.dwg,,KM 128.073-UT/KM-128.073-UT-SECTION.jpg,
KM 128.073-UT,KM 128.073-UT/KM-128.073-UT-STEEL.dwg,,KM 128.073-UT/KM-128.073-UT-STEEL.jpg,
KM 129.519-SLB,KM 129.519-SLB/KM129.519-SLB-DECK SLAB-3.dwg,,KM 129.519-SLB/KM129.519-SLB-DECK SLAB-3.jpg,
KM 129.519-SLB,KM 129.519-SLB/KM129.519-SLB-GENERAL PLAN-1.dwg,,KM 129.519-SLB/KM129.519-SLB-GENERAL PLAN-1.jpg,
KM 129.519-SLB,KM 129.519-SLB/KM129.519-SLB-SECTION DETAIL-2.dwg,,KM 129.519-SLB/KM129.519-SLB-SECTION DETAIL-2.jpg,KM 129.519-SLB/KM129.519-SLB.xls
KM 130.023-SP,KM 130.023-SP/KM130.023-SP-DECK SLAB-3.dwg,,KM 130.023-SP/KM130.023-SP-DECK SLAB-3.jpg,
KM 130.023-SP,KM 130.023-SP/KM130.023-SP-GENERAL PLAN-1.dwg,,KM 130.023-SP/KM130.023-SP-GENERAL PLAN-1.jpg,
KM 130.023-SP,KM 130.023-SP/KM130.023-SP-SECTION DETAIL-2.dwg,,KM 130.023-SP/KM130.023-SP-SECTION DETAIL-2.jpg,KM 130.023-SP/KM130.023-SP.xls
KM 133.000-SLB,KM 133.000-SLB/KM133.000-SLB-DECK SLAB-3.dwg,,KM 133.000-SLB/KM133.000-SLB-DECK SLAB-3.jpg,
KM 133.000-SLB,KM 133.000-SLB/KM133.000-SLB-GENERAL SECTION-1.dwg,,KM 133.000-SLB/KM133.000-SLB-GENERAL SECTION-1.jpg,
KM 133.000-SLB,KM 133.000-SLB/KM133.000-SLB-SECTION DETAIL-2.dwg,,KM 133.000-SLB/KM133.000-SLB-SECTION DETAIL-2.jpg,KM 133.000-SLB/KM133.000-SLB.xls
KM 134.270-DROP,KM 134.270-DROP/KM134.270-DROP.dwg,,KM 134.270-DROP/KM134.270-DROP.jpg,KM 134.270-DROP/KM134.270-DROP.xls
KM 134.402-DLB,KM 134.402-DLB/KM 134.402-DLB-GENERAL SECTION-1.dwg,,KM 134.402-DLB/KM 134.402-DLB-GENERAL SECTION-1.jpg,KM 134.402-DLB/KM 134.402-DLB.xls
KM 134.675-SP,KM 134.675-SP/KM 134.675-SP  RCC DETAIL-3.dwg,,KM 134.675-SP/KM 134.675-SP-RCC DETAIL-3.jpg,
KM 134.675-SP,KM 134.675-SP/KM 134.675-SP- GENERAL PLAN-1.dwg,,KM 134.675-SP/KM 134.675-SP-GENERAL PLAN-1.jpg,
KM 134.675-SP,KM 134.675-SP/KM 134.675-SP- SECTIONAL DETAIL-2.dwg,,KM 134.675-SP/KM 134.675-SP-SECTIONAL DETAIL-2.jpg,KM 134.675-SP/KM 134.675-SP.xls
KM 134.675-SP,KM 134.675-SP/KM 134.675-SP-Deck slab-Steel- 4.dwg,,KM 134.675-SP/KM 134.675-SP-Deck slab-Steel-4.jpg,
KM 136.085-SLB,KM 136.085-SLB/KM 136.085-SLB- DECK SLAB-2.dwg,,KM 136.085-SLB/KM 136.085-SLB- DECK SLAB-2.jpg,
KM 136.085-SLB,KM 136.085-SLB/KM 136.085-SLB- GENERAL PLAN-1.dwg,,KM 136.085-SLB/KM 136.085-SLB- GENERAL PLAN-1.jpg,KM 136.085-SLB/KM 136.085-SLB.xls
KM 136.785-CANAL SYPHON,KM 136.785-CANAL SYPHON/KM 136.785-CANAL SYPHON-1.dwg,,KM 136.785-CANAL SYPHON/KM 136.785-CANAL SYPHON-1.tif,
KM 136.785-CANAL SYPHON,KM 136.785-CANAL SYPHON/KM 136.785-CANAL SYPHON-2.dwg,,KM 136.785-CANAL SYPHON/KM 136.785-CANAL SYPHON-2.tif,
KM 136.785-CANAL SYPHON,KM 136.785-CANAL SYPHON/KM 136.785-CANAL SYPHON-3.dwg,,KM 136.785-CANAL SYPHON/KM 136.785-CANAL SYPHON-3.tif,
KM 136.785-CANAL SYPHON,KM 136.785-CANAL SYPHON/KM 136.785-CANAL SYPHON-4.dwg,,KM 136.785-CANAL SYPHON/KM 136.785-CANAL SYPHON-4.tif,KM 136.785-CANAL SYPHON/KM 136.785-CANAL SYPHON.xls
KM 137.325-SLB,KM 137.325-SLB/KM 137.325-SLB- DECK SLAB-2.dwg,,KM 137.325-SLB/KM 137.325-SLB- DECK SLAB-2.jpg,
KM 137.325-SLB,KM 137.325-SLB/KM 137.325-SLB- GENERAL PLAN-1.dwg,,KM 137.325-SLB/KM 137.325-SLB- GENERAL PLAN-1.jpg,KM 137.325-SLB/KM 137.325-SLB.xls
KM 138.146-UT,KM 138.146-UT/KM 138.146-UT- SECTION DETAIL-2.dwg,,KM 138.146-UT/KM 138.146-UT- SECTION DETAIL-2.jpg,
KM 138.146-UT,KM 138.146-UT/KM 138.146-UT-GENERAL PLAN-1.dwg,,KM 138.146-UT/KM 138.146-UT-GENERAL PLAN-1.jpg,
KM 138.146-UT,KM 138.146-UT/KM 138.146-UT-RCC DETAIL-3.dwg,,KM 138.146-UT/KM 138.146-UT-RCC DETAIL-3.jpg,KM 138.146-UT/KM 138.146-UT.xls
KM 138.800-SLB,KM 138.800-SLB/KM 138.800-SLB- GENERAL PLAN-1.dwg,,KM 138.800-SLB/KM 138.800-SLB- GENERAL PLAN-1.jpg,
KM 138.800-SLB,KM 138.800-SLB/KM 138.800-SLB- RCC DETAIL-2.dwg,,KM 138.800-SLB/KM 138.800-SLB- RCC DETAIL-2.jpg,KM 138.800-SLB/KM 138.800-SLB.xls
KM 139.200-UT,KM 139.200-UT/KM 139.200-UT- GENERAL PLAN-1.dwg,,KM 139.200-UT/KM 139.200-UT- GENERAL PLAN-1.jpg,
KM 139.200-UT,KM 139.200-UT/KM 139.200-UT- RCC DETAIL-3.dwg,,KM 139.200-UT/KM 139.200-UT- RCC DETAIL-3.jpg,
KM 139.200-UT,KM 139.200-UT/KM 139.200-UT- SECTION DETAIL-2.dwg,,KM 139.200-UT/KM 139.200-UT- SECTION DETAIL-2.jpg,KM 139.200-UT/KM 139.200-UT.xls
KM 140.309-SLB,KM 140.309-SLB/KM 140.309-SLB- GENERAL PLAN-1.dwg,,KM 140.309-SLB/KM 140.309-SLB- GENERAL PLAN-1.jpg,KM 140.309-SLB/KM 140.309-SLB.xls
KM 141.268-UT,KM 141.268-UT/KM 141.268-UT-GENERAL PLAN-1.dwg,,KM 141.268-UT/KM 141.268-UT-GENERAL PLAN-1.tif,
KM 141.268-UT,KM 141.268-UT/KM 141.268-UT-SECTIONS-2.dwg,,KM 141.268-UT/KM 141.268-UT-SECTIONS-2.tif,KM 141.268-UT/KM 141.268-UT.xls
KM 141.735-SLB,KM 141.735-SLB/KM141.735-SLB-GENERAL PLAN-1.dwg,,KM 141.735-SLB/KM141.735-SLB-GENERAL PLAN-1.jpg,
KM 141.735-SLB,KM 141.735-SLB/KM141.735-SLB-SLAB STEEL-2.dwg,,KM 141.735-SLB/KM141.735-SLB-SLAB STEEL-2.jpg,KM 141.735-SLB/KM 141.735-SLB.xls
KM 142.468-SLB,KM 142.468-SLB/KM142.468-SLB-DECK SLAB DETAIL-2.dwg,,KM 142.468-SLB/KM142.468-SLB-DECK SLAB DETAIL-2.jpg,
KM 142.468-SLB,KM 142.468-SLB/KM142.468-SLB-GENERAL PLAN-1.dwg,,KM 142.468-SLB/KM142.468-SLB-GENERAL PLAN-1.jpg,
KM 142.468-SLB,KM 142.468-SLB/KM142.468-SLB-RCC DETAIL-3.dwg,,KM 142.468-SLB/KM142.468-SLB-RCC DETAIL-3.jpg,KM 142.468-SLB/KM 142.468-SLB.xls
KM 145.225-UT,KM 145.225-UT/UT @ KM 145.225 PLAN-1.dwg,,KM 145.225-UT/UT @ KM 145.225 PLAN-1.jpg,
KM 145.225-UT,KM 145.225-UT/UT @ KM 145.225 RCC DETAIL-3.dwg,,KM 145.225-UT/UT @ KM 145.225 RCC DETAIL-3.jpg,
KM 145.225-UT,KM 145.225-UT/UT @ KM 145.225 SECTION DETAIL-2.dwg,,KM 145.225-UT/UT @ KM 145.225 SECTION DETAIL-2.jpg,KM 145.225-UT/KM 145.225-UT.xls
KM 145.581-SLB,KM 145.581-SLB/KM145.581-SLB-GENERAL PLAN-1.dwg,,KM 145.581-SLB/KM145.581-SLB-GENERAL PLAN-1.jpg,KM 145.581-SLB/KM 145.581-SLB.xls
KM 145.750-UT,KM 145.750-UT/KM145.750-UT-GENERAL PLAN-1.dwg,,KM 145.750-UT/KM145.750-UT-GENERAL PLAN-1.jpg,
KM 145.750-UT,KM 145.750-UT/KM145.750-UT-RCC DETAIL-3.dwg,,KM 145.750-UT/KM145.750-UT-RCC DETAIL-3.jpg,
KM 145.750-UT,KM 145.750-UT/KM145.750-UT-SECTION DETAIL-2.dwg,,KM 145.750-UT/KM145.750-UT-SECTION DETAIL-2.jpg,KM 145.750-UT/KM 145.750-UT.xls
KM 146.782-DLB,KM 146.782-DLB/KM146.782-DLB-GENERAL PLAN-1.dwg,,KM 146.782-DLB/KM146.782-DLB-GENERAL PLAN-1.jpg,KM 146.782-DLB/KM 146.782-DLB.xls
KM 147.200-UT,KM 147.200-UT/KM 147.200-UT-GENERAL PLAN-1.dwg,,KM 147.200-UT/KM 147.200-UT-GENERAL PLAN-1.tif,
KM 147.200-UT,KM 147.200-UT/KM 147.200-UT-RCC-3.dwg,,KM 147.200-UT/KM 147.200-UT-RCC-3.tif,
KM 147.200-UT,KM 147.200-UT/KM 147.200-UT-SECTIONS-2.dwg,,KM 147.200-UT/KM 147.200-UT-SECTIONS-2.tif,KM 147.200-UT/KM 147.200-UT.xls
KM 148.146-SLB,KM 148.146-SLB/KM148.146-SLB-DECK SLAB DETAILS-2.dwg,,KM 148.146-SLB/KM148.146-SLB-DECK SLAB DETAILS-2.jpg,
KM 148.146-SLB,KM 148.146-SLB/KM148.146-SLB-PLAN-1.dwg,,KM 148.146-SLB/KM148.146-SLB-PLAN-1.jpg,
KM 148.146-SLB,KM 148.146-SLB/KM148.146-SLB-RCC DETAIL-3.dwg,,KM 148.146-SLB/KM148.146-SLB-RCC DETAIL-3.jpg,KM 148.146-SLB/KM 148.146-SLB.xls
KM 148.925-SLB,KM 148.925-SLB/KM148.925-SLB-DECK SLAB-2.dwg,,KM 148.925-SLB/KM148.925-SLB-DECK SLAB-2.jpg,
KM 148.925-SLB,KM 148.925-SLB/KM148.925-SLB-GENERAL PLAN-1.dwg,,KM 148.925-SLB/KM148.925-SLB-GENERAL PLAN-1.jpg,
KM 148.925-SLB,KM 148.925-SLB/KM148.925-SLB-RCC DETAIL-3.dwg,,KM 148.925-SLB/KM148.925-SLB-RCC DETAIL-3.jpg,KM 148.925-SLB/KM 148.925-SLB.xls
KM 150.575-SP,KM 150.575-SP/KM150.575-SP-GENERAL PLAN-1.dwg,,KM 150.575-SP/KM150.575-SP-GENERAL PLAN-1.jpg,
KM 150.575-SP,KM 150.575-SP/KM150.575-SP-SECTION-2.dwg,,KM 150.575-SP/KM150.575-SP-SECTION-2.jpg,
KM 150.575-SP,KM 150.575-SP/KM150.575-SP-TROUGH DETAILS-3.dwg,,KM 150.575-SP/KM150.575-SP-TROUGH DETAILS-3.jpg,KM 150.575-SP/KM 150.575-SP.xls
KM 151.260-SLB,KM 151.260-SLB/KM151.260-SLB-DECK SLAB DETAIL-2.dwg,,KM 151.260-SLB/KM151.260-SLB-DECK SLAB DETAIL-2.jpg,
KM 151.260-SLB,KM 151.260-SLB/KM151.260-SLB-GENERAL PLAN-1.dwg,,KM 151.260-SLB/KM151.260-SLB-GENERAL PLAN-1.jpg,
KM 151.260-SLB,KM 151.260-SLB/KM151.260-SLB-RCC DETAIL-3.dwg,,KM 151.260-SLB/KM151.260-SLB-RCC DETAIL-3.jpg,KM 151.260-SLB/KM 151.260-SLB.xls
KM 151.610-SP,KM 151.610-SP/KM151.610-SP-GENERAL PLAN-1.dwg,,KM 151.610-SP/KM151.610-SP-GENERAL PLAN-1.jpg,
KM 151.610-SP,KM 151.610-SP/KM151.610-SP-INSPECTION PATH-3.dwg,,KM 151.610-SP/KM151.610-SP-INSPECTION PATH-3.jpg,
KM 151.610-SP,KM 151.610-SP/KM151.610-SP-SECTION DETAIL-2.dwg,,KM 151.610-SP/KM151.610-SP-SECTION DETAIL-2.jpg,KM 151.610-SP/KM 151.610-SP.xls
KM 153.187-DLB,KM 153.187-DLB/KM 153.187-DLB-  GENERAL PLAN-1.dwg,,KM 153.187-DLB/KM 153.187-DLB-  GENERAL PLAN-1.jpg,KM 153.187-DLB/KM 153.187-DLB.xls
KM 154.200-UT,KM 154.200-UT/KM 154.200-UT-GENERAL PLAN-1.dwg,,KM 154.200-UT/KM 154.200-UT-GENERAL PLAN-1.tif,
KM 154.200-UT,KM 154.200-UT/KM 154.200-UT-RCC-3.dwg,,KM 154.200-UT/KM 154.200-UT-RCC-3.tif,
KM 154.200-UT,KM 154.200-UT/KM 154.200-UT-SECTIONS-2.dwg,,KM 154.200-UT/KM 154.200-UT-SECTIONS-2.tif,KM 154.200-UT/KM 154.200-UT.xls
KM 155.067-DLB,KM 155.067-DLB/KM 155.067 -DLB-1.dwg,,KM 155.067-DLB/KM 155.067 -DLB-1.jpg,
KM 155.067-DLB,KM 155.067-DLB/KM 155.067- DLB-2.dwg,,KM 155.067-DLB/KM 155.067- DLB-2.jpg,KM 155.067-DLB/KM 155.067-DLB.xls
KM 155.139-UT,KM 155.139-UT/KM155.139-UT-GENERAL PLAN-1.dwg,,KM 155.139-UT/KM155.139-UT-GENERAL PLAN-1.jpg,KM 155.139-UT/KM 155.139-UT.xls
KM 155.300-UT,KM 155.300-UT/KM155.300-UT-GENERAL PLAN-1.dwg,,KM 155.300-UT/KM155.300-UT-GENERAL PLAN-1.jpg,
KM 155.300-UT,KM 155.300-UT/KM155.300-UT-RCC DETAIL-3.dwg,,KM 155.300-UT/KM155.300-UT-RCC DETAIL-3.jpg,
KM 155.300-UT,KM 155.300-UT/KM155.300-UT-SECTION DETAIL-2.dwg,,KM 155.300-UT/KM155.300-UT-SECTION DETAIL-2.jpg,KM 155.300-UT/KM 155.300-UT.xls
KM 156.200-UT,KM 156.200-UT/KM 156.200-UT- GENERAL PLAN-1.dwg,,KM 156.200-UT/KM 156.200-UT- GENERAL PLAN-1.pdf,
KM 156.200-UT,KM 156.200-UT/KM 156.200-UT- HEADWALLS.dwg,,KM 156.200-UT/KM 156.200-UT- HEADWALLS.pdf,
KM 156.200-UT,KM 156.200-UT/KM 156.200-UT- RCC BOX-1.dwg,,KM 156.200-UT/KM 156.200-UT- RCC BOX-1.pdf,KM 156.200-UT/KM 156.200-UT.xls
KM 157.508-UT,KM 157.508-UT/KM 157.508-UT- GENERAL PLAN-1.dwg,,KM 157.508-UT/KM 157.508-UT- GENERAL PLAN-1.jpg,
KM 157.508-UT,KM 157.508-UT/KM 157.508-UT- HEAD WALL-1.dwg,,KM 157.508-UT/KM 157.508-UT- HEAD WALL-1.jpg,
KM 157.508-UT,KM 157.508-UT/KM 157.508-UT- RCC DETAIL-1.dwg,,KM 157.508-UT/KM 157.508-UT- RCC DETAIL-1.jpg,KM 157.508-UT/KM 157.508-UT.xls
KM 158.495-SP,KM 158.495-SP/KM 158.495-SP GENERAL PLAN-1.dwg,,KM 158.495-SP/KM 158.495-SP GENERAL PLAN-1.jpg,KM 158.495-SP/KM 158.495-SP.xls
KM 161.050-SLB,KM 161.050-SLB/KM 161.050-SLB- GENERAL PLAN-1.dwg,,KM 161.050-SLB/KM 161.050-SLB- GENERAL PLAN-1.jpg,
KM 161.050-SLB,KM 161.050-SLB/KM 161.050-SLB- SECTION DETAIL-1.dwg,,KM 161.050-SLB/KM 161.050-SLB- SECTION DETAIL-1.jpg,
KM 161.050-SLB,KM 161.050-SLB/KM 161.050-SLB- STEEL DETAILS-1.dwg,,KM 161.050-SLB/KM 161.050-SLB- STEEL DETAILS-1.jpg,KM 161.050-SLB/KM 161.050-SLB.xls
KM 161.925-SP,KM 161.925-SP/KM 161.925-SP  GENERAL PLAN.dwg,,KM 161.925-SP/KM 161.925-SP GENERAL PLAN-1.jpg,KM 161.925-SP/KM 161.925-SP.xls
KM 163.800-SP,KM 163.800-SP/KM-163.800-SP-DECK SLAB-2.dwg,,KM 163.800-SP/KM-163.800-SP-DECK SLAB-2.jpg,KM 163.800-SP/KM 163.800-SP.xls
KM 163.800-SP,KM 163.800-SP/KM-163.800-SP-GENERAL PLAN-1.dwg,,KM 163.800-SP/KM-163.800-SP-GENERAL PLAN-1.jpg,
KM 163.800-SP,KM 163.800-SP/KM-163.800-SP-SECTIONS-4.dwg,,KM 163.800-SP/KM-163.800-SP-SECTIONS-4.jpg,
KM 163.800-SP,KM 163.800-SP/KM-163.800-SP-STEEL-3.dwg,,KM 163.800-SP/KM-163.800-SP-STEEL-3.jpg,
KM 165.100-DLB,KM 165.100-DLB/KM-165.100-DLB-BEARING-2.dwg,,KM 165.100-DLB/KM-165.100-DLB-BEARING-2.jpg,KM 165.100-DLB/KM 165.100-DLB.xls
KM 165.100-DLB,KM 165.100-DLB/KM-165.100-DLB-GENERAL PLAN-1.dwg,,KM 165.100-DLB/KM-165.100-DLB-GENERAL PLAN-1.jpg,
KM 165.100-DLB,KM 165.100-DLB/KM-165.100-DLB-SECTION-3.dwg,,KM 165.100-DLB/KM-165.100-DLB-SECTION-3.jpg,
KM 165.923-SP,KM 165.923-SP/KM 165.923-SP  GENERAL PLAN-1.dwg,,KM 165.923-SP/KM 165.923-SP  GENERAL PLAN-1.jpg,KM 165.923-SP/KM 165.923-SP.xls
KM 166.305-SLB,KM 166.305-SLB/47.SLB @ KM 166.305 GENERAL PLAN-1.dwg,,KM 166.305-SLB/SLB @ KM 166.305 GENERAL PLAN-1.jpg,KM 166.305-SLB/KM 166.305-SLB.xls
KM 168.000-SLB,KM 168.000-SLB/KM 166.305-SLB  GENERAL PLAN-1.dwg,,KM 168.000-SLB/KM 166.305-SLB  GENERAL PLAN-1.jpg,
KM 168.000-SLB,KM 168.000-SLB/KM 166.305-SLB  STEEL-1.dwg,,KM 168.000-SLB/KM 166.305-SLB  STEEL-1.jpg,KM 168.000-SLB/KM 168.000-SLB.xls
KM 170.017-SP,KM 170.017-SP/KM 170.017-SP  DECK SLAB-1.dwg,,KM 170.017-SP/KM 170.017-SP  DECK SLAB-1.jpg,
KM 170.017-SP,KM 170.017-SP/KM 170.017-SP  DECK SLAB-2.dwg,,KM 170.017-SP/KM 170.017-SP  DECK SLAB-2.jpg,
KM 170.017-SP,KM 170.017-SP/KM 170.017-SP  GENERAL PLAN-1.dwg,,KM 170.017-SP/KM 170.017-SP  GENERAL PLAN-1.jpg,KM 170.017-SP/KM 170.017-SP.xls
KM 170.395-SLB,KM 170.395-SLB/KM 170.395-SLB- GENERAL PLAN-1.dwg,,KM 170.395-SLB/KM 170.395-SLB- GENERAL PLAN-1.jpg,
KM 170.395-SLB,KM 170.395-SLB/KM 170.395-SLB- STEEL DETAIL-1.dwg,,KM 170.395-SLB/KM 170.395-SLB- STEEL DETAIL-1.jpg,
KM 170.395-SLB,KM 170.395-SLB/KM 170.395-SLB-SECTION DETAIL-1.dwg,,KM 170.395-SLB/KM 170.395-SLB-SECTION DETAIL-1.jpg,KM 170.395-SLB/KM 170.395-SLB.xls
KM 176.050-SP,KM 176.050-SP/KM 176.050-SP -2.dwg,,KM 176.050-SP/KM 176.050-SP -2.jpg,
KM 176.050-SP,KM 176.050-SP/KM 176.050-SP GENERALPLAN.dwg,,KM 176.050-SP/KM 176.050-SP GENERALPLAN.jpg,KM 176.050-SP/KM 176.050-SP.xls
KM 178.540-UT,KM 178.540-UT/KM 178.540-UT- GENERAL PLAN.dwg,,KM 178.540-UT/KM 178.540-UT- GENERAL PLAN.jpg,KM 178.540-UT/KM 178.540-UT.xls
KM 178.540-UT,KM 178.540-UT/KM 178.540-UT -SECTIONS.dwg,,KM 178.540-UT/KM 178.540-UT -SECTIONS.jpg,
KM 178.719-SLB,KM 178.719-SLB/KM 178.719-SLB- GENERAL PLAN-1.dwg,,KM 178.719-SLB/KM 178.719-SLB- GENERAL PLAN-1.jpg,KM 178.719-SLB/KM 178.719-SLB.xls
KM 179.413-SP,KM 179.413-SP/KM179.413-SP-DECK SLAB-1.dwg,,KM 179.413-SP/KM179.413-SP-DECK SLAB-1.jpg,
KM 179.413-SP,KM 179.413-SP/KM179.413-SP-GENERAL PLAN-1.dwg,,KM 179.413-SP/KM179.413-SP-GENERAL PLAN-1.jpg,
KM 179.413-SP,KM 179.413-SP/KM179.413-SP-SECTION DETAIL-1.dwg,,KM 179.413-SP/KM179.413-SP-SECTION DETAIL-1.jpg,KM 179.413-SP/KM 179.413-SP.xls
KM 179.649-SLB,KM 179.649-SLB/KM179.649-SLB-GENERAL PLAN-1.dwg,,KM 179.649-SLB/KM179.649-SLB-GENERAL PLAN-1.jpg,
KM 179.649-SLB,KM 179.649-SLB/KM179.649-SLB-SECTION DETAIL-1.dwg,,KM 179.649-SLB/KM179.649-SLB-SECTION DETAIL-1.jpg,KM 179.649-SLB/KM 179.649-SLB.xls
KM 181.145-SLB,KM 181.145-SLB/KM181.145-SLB-GENERAL PLAN-1.dwg,,KM 181.145-SLB/KM181.145-SLB-GENERAL PLAN-1.jpg,
KM 181.145-SLB,KM 181.145-SLB/KM181.145-SLB-RCC SECTION DETAIL-1.dwg,,KM 181.145-SLB/KM181.145-SLB-RCC SECTION DETAIL-1.jpg,KM 181.145-SLB/KM 181.145-SLB.xls
KM 181.346-UT,KM 181.346-UT/KM181.346-UT- SECTION DETAIL-1.dwg,,KM 181.346-UT/KM181.346-UT-GENERAL PLAN-1.jpg,
KM 181.346-UT,KM 181.346-UT/KM181.346-UT-GENERAL PLAN-1.dwg,,KM 181.346-UT/KM181.346-UT-SECTION DETAIL-1.jpg,KM 181.346-UT/KM 181.346-UT.xls
KM 182.150-SLB,KM 182.150-SLB/KM182.150-SLB-GENERAL PLAN-1.dwg,,KM 182.150-SLB/KM182.150-SLB-GENERAL PLAN-1.jpg,KM 182.150-SLB/KM 182.150-SLB.xls
KM 187.028-SLB,KM 187.028-SLB/KM187.028-SLB- SECTION DETAIL-1.dwg,,KM 187.028-SLB/KM187.028-SLB- SECTION DETAIL-1.jpg,
KM 187.028-SLB,KM 187.028-SLB/KM187.028-SLB-GENERAL PLAN.-1.dwg,,KM 187.028-SLB/KM187.028-SLB-GENERAL PLAN.-1.jpg,KM 187.028-SLB/KM 187.028-SLB.xls
KM 188.551-SLB,KM 188.551-SLB/KM188.551-SLB-GENERAL PLAN-1_recover005.dwg,,KM 188.551-SLB/KM188.551-SLB-GENERAL PLAN-1.jpg,
KM 188.551-SLB,KM 188.551-SLB/KM188.551-SLB-RCC-1.dwg,,KM 188.551-SLB/KM188.551-SLB-RCC-1.jpg,KM 188.551-SLB/KM 188.551-SLB.xls
KM 188.565-SP,KM 188.565-SP/KM188.565-SP-DECK SLAB-1.dwg,,KM 188.565-SP/KM188.565-SP-DECK SLAB-1.jpg,
KM 188.565-SP,KM 188.565-SP/KM188.565-SP-GENERAL PLAN.-1.dwg,,KM 188.565-SP/KM188.565-SP-GENERAL PLAN.-1.jpg,KM 188.565-SP/KM 188.565-SP.xls
KM 191.105-DLB,KM 191.105-DLB/KM191.105-DLB-GENERAL PLAN.-1.dwg,,KM 191.105-DLB/KM191.105-DLB-GENERAL PLAN.-1.jpg,
KM 191.105-DLB,KM 191.105-DLB/KM191.105-DLB-SECTION DETAIL-1.dwg,,KM 191.105-DLB/KM191.105-DLB-SECTION DETAIL-1.jpg,KM 191.105-DLB/KM 191.105-DLB.xls
KM 192.500-OT,KM 192.500-OT/KM192.500-OT.dwg,,KM 192.500-OT/KM192.500-OT.jpg,KM 192.500-OT/KM 192.500-OT.xls
KM 192.675-INLET,KM 192.675-INLET/KM 192.675-INLET-1.dwg,,KM 192.675-INLET/KM 192.675-INLET-1.jpg,KM 192.675-INLET/KM 192.675-INLET.xls
KM 193.735 ( REVISED )- SLB,KM 193.735 ( REVISED )- SLB/KM 193.735-SLB-GENERAL PLAN-1.dwg,,KM 193.735 ( REVISED )- SLB/KM 193.735-SLB-GENERAL PLAN-1.jpg,
KM 193.735 ( REVISED )- SLB,KM 193.735 ( REVISED )- SLB/KM 193.735-SLB-SECTIONS-2.dwg,,KM 193.735 ( REVISED )- SLB/KM 193.735-SLB-SECTIONS-2.jpg,KM 193.735 ( REVISED )- SLB/KM 193.735 ( REVISED )- SLB.xls
KM 194.957-INLET,KM 194.957-INLET/KM 194.957-INLET-1.dwg,,KM 194.957-INLET/KM 194.957-INLET-1.jpg,KM 194.957-INLET/KM 194.957-INLET.xls
KM 195.055- SLB,KM 195.055- SLB/KM 195.055-SLB-GENERAL PLAN-1.dwg,,KM 195.055- SLB/KM 195.055-SLB-GENERAL PLAN-1.jpg,
KM 195.055- SLB,KM 195.055- SLB/KM 195.055-SLB-SECTIONS-2.dwg,,KM 195.055- SLB/KM 195.055-SLB-SECTIONS-2.jpg,KM 195.055- SLB/KM 195.055- SLB.xls
KM 195.575-AQUDUCT,KM 195.575-AQUDUCT/KM 195.575-AQUDUCT-1.dwg,,KM 195.575-AQUDUCT/KM 195.575-AQUDUCT-1.jpg,
KM 195.575-AQUDUCT,KM 195.575-AQUDUCT/KM 195.575-AQUDUCT-2.dwg,,KM 195.575-AQUDUCT/KM 195.575-AQUDUCT-2.jpg,KM 195.575-AQUDUCT/KM 195.575-AQUDUCT.xls
KM 196.500-OT,KM 196.500-OT/KM 196.500-OT-GENERAL PLAN-1.dwg,,KM 196.500-OT/KM 196.500-OT-GENERAL PLAN-1.jpg,KM 196.500-OT/KM 196.500-OT.xls
KM 196.525-SLB,KM 196.525-SLB/KM 196.525-SLB-GENERAL PLAN-1.dwg,,KM 196.525-SLB/KM 196.525-SLB-GENERAL PLAN-1-1.jpg,KM 196.525-SLB/KM 196.525-SLB.xls
KM 196.525-SLB,KM 196.525-SLB/KM 196.525-SP-SECTIONS-2.dwg,,KM 196.525-SLB/KM 196.525-SP-SECTIONS-2-1.jpg,
KM 196.705-SP,KM 196.705-SP/KM 196.705-SP-GENERAL PLAN-1.dwg,,KM 196.705-SP/KM 196.705-SP-GENERAL PLAN-1.jpg,
KM 196.705-SP,KM 196.705-SP/KM 196.705-SP-RCC-3.dwg,,KM 196.705-SP/KM 196.705-SP-RCC-3.jpg,
KM 196.705-SP,KM 196.705-SP/KM 196.705-SP-SECTIONS-2.dwg,,KM 196.705-SP/KM 196.705-SP-SECTIONS-2.jpg,KM 196.705-SP/KM 196.705-SP.xls
KM 197.700-SP,KM 197.700-SP/KM 197.700-SP-GENERAL PLAN-1.dwg,,KM 197.700-SP/KM 197.700-SP-GENERAL PLAN-1.jpg,
KM 197.700-SP,KM 197.700-SP/KM 197.700-SP-RCC-3.dwg,,KM 197.700-SP/KM 197.700-SP-RCC-3.jpg,
KM 197.700-SP,KM 197.700-SP/KM 197.700-SP-SECTIONS-2.dwg,,KM 197.700-SP/KM 197.700-SP-SECTIONS-2.jpg,KM 197.700-SP/KM 197.700-SP.xls
KM 198.775(R)-SLB,KM 198.775(R)-SLB/KM 198.775(R)-SLB-GENERAL PLAN-1.dwg,,KM 198.775(R)-SLB/KM 198.775(R)-SLB-GENERAL PLAN-1.jpg,
KM 198.775(R)-SLB,KM 198.775(R)-SLB/KM 198.775(R)-SLB-SECTIONS-2.dwg,,KM 198.775(R)-SLB/KM 198.775(R)-SLB-SECTIONS-2.jpg,KM 198.775(R)-SLB/KM 198.775(R)-SLB.xls
KM 199.325-SP,KM 199.325-SP/KM 199.325-SP-GENERAL PLAN-1.dwg,,KM 199.325-SP/KM 199.325-SP-GENERAL PLAN-1.jpg,
KM 199.325-SP,KM 199.325-SP/KM 199.325-SP-RCC-3.dwg,,KM 199.325-SP/KM 199.325-SP-RCC-3.jpg,
KM 199.325-SP,KM 199.325-SP/KM 199.325-SP-SECTIONS-2.dwg,,KM 199.325-SP/KM 199.325-SP-SECTIONS-2.jpg,KM 199.325-SP/KM 199.325-SP.xls
KM 199.750-199.950-SLB,KM 199.750-199.950-SLB/KM 199.950-199.750-SLB-GENERAL PLAN-1.dwg,,KM 199.750-199.950-SLB/KM 199.950-199.750-SLB-GENERAL PLAN-1.jpg,
KM 199.750-199.950-SLB,KM 199.750-199.950-SLB/KM 199.950-199.750-SLB-SECTION-2.dwg,,KM 199.750-199.950-SLB/KM 199.950-199.750-SLB-SECTION-2.jpg,KM 199.750-199.950-SLB/KM 199.750-199.950-SLB.xls
KM 201.400-INLET,KM 201.400-INLET/KM 201.400-INLET-GENERAL PLAN.dwg,,KM 201.400-INLET/KM 201.400-INLET-GENERAL PLAN.jpg,KM 201.400-INLET/KM 201.400-INLET.xls
KM 202.275-SP,KM 202.275-SP/KM 202.275-SP-GENERAL PLAN-1.dwg,,KM 202.275-SP/KM 202.275-SP-GENERAL PLAN-1.jpg,
KM 202.275-SP,KM 202.275-SP/KM 202.275-SP-RCC-3.dwg,,KM 202.275-SP/KM 202.275-SP-RCC-3.jpg,
KM 202.275-SP,KM 202.275-SP/KM 202.275-SP-SECTIONS-2.dwg,,KM 202.275-SP/KM 202.275-SP-SECTIONS-2.jpg,KM 202.275-SP/KM 202.275-SP.xls
KM 202.650-SLB,KM 202.650-SLB/KM 202.650-SLB-GENERAL PLAN-1.dwg,,KM 202.650-SLB/KM 202.650-SLB-GENERAL PLAN-1.jpg,
KM 202.650-SLB,KM 202.650-SLB/KM 202.650-SLB-SECTIONS-2.dwg,,KM 202.650-SLB/KM 202.650-SLB-SECTIONS-2.jpg,KM 202.650-SLB/KM 202.650-SLB.xls
KM 203.125-SP,KM 203.125-SP/KM 203.125-SP-GENERAL PLAN-1.dwg,,KM 203.125-SP/KM 203.125-SP-GENERAL PLAN-1.jpg,
KM 203.125-SP,KM 203.125-SP/KM 203.125-SP-RCC-3.dwg,,KM 203.125-SP/KM 203.125-SP-RCC-3.jpg,
KM 203.125-SP,KM 203.125-SP/KM 203.125-SP-SECTIONS-2.dwg,,KM 203.125-SP/KM 203.125-SP-SECTIONS-2.jpg,KM 203.125-SP/KM 203.125-SP.xls
KM 203.325-203.460-SLB,KM 203.325-203.460-SLB/KM 203.325-SLB-GENERAL PLAN-1.dwg,,KM 203.325-203.460-SLB/KM 203.325-SLB-GENERAL PLAN-1.jpg,
KM 203.325-203.460-SLB,KM 203.325-203.460-SLB/KM 203.325-SLB-SECTIONS-2.dwg,,KM 203.325-203.460-SLB/KM 203.325-SLB-SECTIONS-2.jpg,KM 203.325-203.460-SLB/KM 203.325-203.460-SLB.xls
KM 203.775-SP,KM 203.775-SP/KM 203.775-SP-GENERAL PLAN-1.dwg,,KM 203.775-SP/KM 203.775-SP-GENERAL PLAN-1.jpg,
KM 203.775-SP,KM 203.775-SP/KM 203.775-SP-RCC-3.dwg,,KM 203.775-SP/KM 203.775-SP-RCC-3.jpg,
KM 203.775-SP,KM 203.775-SP/KM 203.775-SP-SECTIONS-2.dwg,,KM 203.775-SP/KM 203.775-SP-SECTIONS-2.jpg,KM 203.775-SP/KM 203.775-SP.xls
KM 203.955-DLB,KM 203.955-DLB/KM 203.955-DLB-BEARINGS-3.dwg,,KM 203.955-DLB/KM 203.955-DLB-BEARINGS-3.jpg,
KM 203.955-DLB,KM 203.955-DLB/KM 203.955-DLB-GENERAL PLAN-1.dwg,,KM 203.955-DLB/KM 203.955-DLB-GENERAL PLAN-1.jpg,
KM 203.955-DLB,KM 203.955-DLB/KM 203.955-DLB-SECTIONS-2.dwg,,KM 203.955-DLB/KM 203.955-DLB-SECTIONS-2.jpg,KM 203.955-DLB/KM 203.955-DLB.xls
KM 204.825-UT,KM 204.825-UT/KM 204.825-UT-GENERAL PLAN-1.dwg,,KM 204.825-UT/KM 204.825-UT-GENERAL PLAN-1.jpg,
KM 204.825-UT,KM 204.825-UT/KM 204.825-UT-RCC-3.dwg,,KM 204.825-UT/KM 204.825-UT-RCC-3.jpg,
KM 204.825-UT,KM 204.825-UT/KM 204.825-UT-SECTIONS-2.dwg,,KM 204.825-UT/KM 204.825-UT-SECTIONS-2.jpg,KM 204.825-UT/KM 204.825-UT.xls
KM 206.050-INLET,KM 206.050-INLET/KM 206.050-INLET-GENERAL PLAN.dwg,,KM 206.050-INLET/KM 206.050-INLET-GENERAL PLAN.jpg,KM 206.050-INLET/KM 206.050-INLET.xls
KM 207.150-UT,KM 207.150-UT/KM 207.150-UT-GENERAL PLAN-1.dwg,,KM 207.150-UT/KM 207.150-UT-GENERAL PLAN-1.jpg,
KM 207.150-UT,KM 207.150-UT/KM 207.150-UT-RCC-3.dwg,,KM 207.150-UT/KM 207.150-UT-RCC-3.jpg,
KM 207.150-UT,KM 207.150-UT/KM 207.150-UT-SECTIONS-2.dwg,,KM 207.150-UT/KM 207.150-UT-SECTIONS-2.jpg,KM 207.150-UT/KM 207.150-UT.xls
KM 207.752- DLB,KM 207.752- DLB/KM- 207.752-DLB-GENERAL PLAN-1.dwg,,KM 207.752- DLB/KM- 207.752-DLB-GENERAL PLAN-1.jpg,
KM 207.752- DLB,KM 207.752- DLB/KM- 207.752-DLB-SECTIONS-2.dwg,,KM 207.752- DLB/KM- 207.752-DLB-SECTIONS-2.jpg,KM 207.752- DLB/KM 207.752- DLB.xls
KM 207.950-UT,KM 207.950-UT/KM 207.950-UT-GENERAL PLAN-1.dwg,,KM 207.950-UT/KM 207.950-UT-GENERAL PLAN-1.jpg,
KM 207.950-UT,KM 207.950-UT/KM 207.950-UT-RCC-3.dwg,,KM 207.950-UT/KM 207.950-UT-RCC-3.jpg,
KM 207.950-UT,KM 207.950-UT/KM 207.950-UT-SECTIONS-2.dwg,,KM 207.950-UT/KM 207.950-UT-SECTIONS-2.jpg,KM 207.950-UT/KM 207.950-UT.xls
KM 208.750-UT,KM 208.750-UT/KM 208.750-GENERALPLAN-1.dwg,,KM 208.750-UT/KM 208.750-GENERALPLAN-1.jpg,
KM 208.750-UT,KM 208.750-UT/KM 208.750-RCC-2.dwg,,KM 208.750-UT/KM 208.750-RCC-2.jpg,KM 208.750-UT/KM 208.750-UT.xls
KM 209.252-DLB,KM 209.252-DLB/KM 209.252-DLB -GENERAL PLAN-1.dwg,,KM 209.252-DLB/KM 209.252-DLB -GENERAL PLAN-1.jpg,
KM 209.252-DLB,KM 209.252-DLB/KM 209.252-DLB-RCC-3.dwg,,KM 209.252-DLB/KM 209.252-DLB-RCC-3.jpg,KM 209.252-DLB/KM 209.252-DLB.xls
KM-210.940-UT,KM-210.940-UT/KM-210.940-UT-GENERAL PLAN-1.dwg,,KM-210.940-UT/KM-210.940-UT-GENERAL PLAN-1.jpg,KM-210.940-UT/KM 210.940-UT.xls
KM-210.940-UT,KM-210.940-UT/KM-210.940-UT-SECTIONS-2.dwg,,KM-210.940-UT/KM-210.940-UT-SECTIONS-2.jpg,
KM-210.940-UT,KM-210.940-UT/KM-210.940-UT-STEEL-3.dwg,,KM-210.940-UT/KM-210.940-UT-STEEL-3.jpg,
KM-212.100-UT,KM-212.100-UT/KM-212.100-UT-GENERAL PLAN-1.dwg,,KM-212.100-UT/KM-212.100-UT-GENERAL PLAN-1.jpg,KM-212.100-UT/KM 212.100-UT.xls
KM-212.100-UT,KM-212.100-UT/KM-212.100-UT-SECTIONS-2.dwg,,KM-212.100-UT/KM-212.100-UT-SECTIONS-2.jpg,
KM-212.100-UT,KM-212.100-UT/KM-212.100-UT-STEEL-3.dwg,,KM-212.100-UT/KM-212.100-UT-STEEL-3.jpg,
KM-212.690-UT,KM-212.690-UT/KM-212.690-UT-GENERAL PLAN-1.dwg,,KM-212.690-UT/KM-212.690-UT-GENERAL PLAN-1.jpg,KM-212.690-UT/KM 212.690-UT.xls
KM-212.690-UT,KM-212.690-UT/KM-212.690-UT-SECTIONS-2.dwg,,KM-212.690-UT/KM-212.690-UT-SECTIONS-2.jpg,
KM-212.690-UT,KM-212.690-UT/KM-212.690-UT-STEEL-3.dwg,,KM-212.690-UT/KM-212.690-UT-STEEL-3.jpg,
KM-213.050-SLB,KM-213.050-SLB/KM-213.050-SLB-GENERAL PLAN-1.dwg,,KM-213.050-SLB/KM-213.050-SLB-GENERAL PLAN-1.jpg,KM-213.050-SLB/KM 213.050-SLB.xls
KM-213.050-SLB,KM-213.050-SLB/KM-213.050-SLB-SECTIONS-2.dwg,,KM-213.050-SLB/KM-213.050-SLB-SECTIONS-2.jpg,
KM-213.425-UT,KM-213.425-UT/KM-213.425-UT-GENERAL PLAN-1.dwg,,KM-213.425-UT/KM-213.425-UT-GENERAL PLAN-1.jpg,KM-213.425-UT/KM 213.425-UT.xls
KM-213.425-UT,KM-213.425-UT/KM-213.425-UT-SECTION-2.dwg,,KM-213.425-UT/KM-213.425-UT-SECTION-2.jpg,
KM-213.425-UT,KM-213.425-UT/KM-213.425-UT-STEEL-3.dwg,,KM-213.425-UT/KM-213.425-UT-STEEL-3.jpg,
KM-214.375-INLET,KM-214.375-INLET/KM-214.375-INLET-1.dwg,,KM-214.375-INLET/KM-214.375-INLET-1.jpg,KM-214.375-INLET/KM-214.375-INLET.xls
KM-215.825-UT,KM-215.825-UT/KM-215.825-UT-GENERAL PLAN-1.dwg,,KM-215.825-UT/KM-215.825-UT-GENERAL PLAN-1.jpg,KM-215.825-UT/KM 215.825-UT.xls
KM-215.825-UT,KM-215.825-UT/KM-215.825-UT-SECTIONS-2.dwg,,KM-215.825-UT/KM-215.825-UT-SECTIONS-2.jpg,
KM-215.825-UT,KM-215.825-UT/KM-215.825-UT-STEEL-3.dwg,,KM-215.825-UT/KM-215.825-UT-STEEL-3.jpg,
KM-216.100-REGULATOR CUM DLRB,KM-216.100-REGULATOR CUM DLRB/KM-216.100-REGULATOR CUM DLRB-GATE-4.dwg,,KM-216.100-REGULATOR CUM DLRB/KM-216.100-REGULATOR CUM DLRB-GATE-4.jpg,KM-216.100-REGULATOR CUM DLRB/KM-216.100-REGULATOR CUM DLRB.xls
KM-216.100-REGULATOR CUM DLRB,KM-216.100-REGULATOR CUM DLRB/KM-216.100-REGULATOR CUM DLRB-GENERAL PLAN-1.dwg,,KM-216.100-REGULATOR CUM DLRB/KM-216.100-REGULATOR CUM DLRB-GENERAL PLAN-1.jpg,
KM-216.100-REGULATOR CUM DLRB,KM-216.100-REGULATOR CUM DLRB/KM-216.100-REGULATOR CUM DLRB-HOIST-5.dwg,,KM-216.100-REGULATOR CUM DLRB/KM-216.100-REGULATOR CUM DLRB-HOIST-5.jpg,
KM-216.100-REGULATOR CUM DLRB,KM-216.100-REGULATOR CUM DLRB/KM-216.100-REGULATOR CUM DLRB-SECTIONS-2.dwg,,KM-216.100-REGULATOR CUM DLRB/KM-216.100-REGULATOR CUM DLRB-SECTIONS-2.jpg,
KM-216.100-REGULATOR CUM DLRB,KM-216.100-REGULATOR CUM DLRB/KM-216.100-REGULATOR CUM DLRB-STEEL-3.dwg,,KM-216.100-REGULATOR CUM DLRB/KM-216.100-REGULATOR CUM DLRB-STEEL-3.jpg,
KM 156.200-UT,,,KM 156.200-UT/UT @ KM 156.200 RCC.pdf,
KM 158.495-SP,,,KM 158.495-SP/KM 158.495-SP DESIGN SHEET-1.jpg,
KM 158.495-SP,,,KM 158.495-SP/KM 158.495-SP DESIGN SHEET-2.jpg,
KM 158.495-SP,,,KM 158.495-SP/KM 158.495-SP DESIGN SHEET-3.jpg,
KM 161.925-SP,,,KM 161.925-SP/KM 161.925-SP DESIGN SHEET-1.jpg,
KM 161.925-SP,,,KM 161.925-SP/KM 161.925-SP DESIGN SHEET-2.jpg,
KM 161.925-SP,,,KM 161.925-SP/KM 161.925-SP DESIGN SHEET-3.jpg,
KM 165.923-SP,,,KM 165.923-SP/SP @ KM 165.923 DESIGN SHEET-3.jpg,
KM 165.923-SP,,,KM 165.923-SP/KM 165.923-SP  DESIGN SHEET-1.jpg,
KM 165.923-SP,,,KM 165.923-SP/KM 165.923-SP  DESIGN SHEET-2.jpg,
new menu,kmwise,,,
113.600 TO 115.000,113.600 TO 115.000.dwg,113.600 TO 115.000-Model.pdf,,
115.000 TO 116.000,115.000 TO 116.000.dwg,115.000 TO 116.000-Model.pdf,,
116.000 TO 117.000,116.000 TO 117.000.dwg,116.000 TO 117.000-Model.pdf,,
117.000 TO 118.000,117.000 TO 118.000.dwg,117.000 TO 118.000-Model.pdf,,
118.000 TO 119.000,118.000 TO 119.000.dwg,118.000 TO 119.000-Model.pdf,,
119.000 TO 120.000,119.000 TO 120.000.dwg,119.000 TO 120.000-Model.pdf,,
120.000 TO 121.000,120.000 TO 121.000.dwg,120.000 TO 121.000-Model.pdf,,
121.000 TO 122.000,121.000 TO 122.000.dwg,121.000 TO 122.000-Model.pdf,,
122.000 TO 123.000,122.000 TO 123.000.dwg,122.000 TO 123.000-Model.pdf,,
123.000 TO 124.000,123.000 TO 124.000.dwg,123.000 TO 124.000-Model.pdf,,
124.000 TO 125.000,124.000 TO 125.000.dwg,124.000 TO 125.000-Model.pdf,,
125.000 TO 126.000,125.000 TO 126.000.dwg,125.000 TO 126.000-Model.pdf,,
126.000 TO 127.000,126.000 TO 127.000.dwg,126.000 TO 127.000-Model.pdf,,
127.000 TO 128.000,127.000 TO 128.000.dwg,127.000 TO 128.000-Model.pdf,,
128.000 TO 129.000,128.000 TO 129.000.dwg,128.000 TO 129.000-Model.pdf,,
129.000 TO 130.000,129.000 TO 130.000.dwg,129.000 TO 130.000-Model.pdf,,
130.000 TO 131.000,130.000 TO 131.000.dwg,130.000 TO 131.000-Model.pdf,,
131.000 TO 132.000,131.000 TO 132.000.dwg,131.000 TO 132.000-Model.pdf,,
132.000 TO 133.000,132.000 TO 133.000.dwg,132.000 TO 133.000-Model.pdf,,
133.000 TO 134.000,133.000 TO 134.000.dwg,133.000 TO 134.000-Model.pdf,,
134.000 TO 134.300,134.000 TO 134.300.dwg,134.000 TO 134.300-Model.pdf,,
134.300 TO 135.000,134.300 TO 135.000.dwg,134.300 TO 135.000-Model.pdf,,
135.000 TO 136.000,135.000 TO 136.000.dwg,135.000 TO 136.000-Model.pdf,,
136.000 TO 137.000,136.000 TO 137.000.dwg,136.000 TO 137.000-Model.pdf,,
137.000 TO 138.000,137.00 TO 138.000.dwg,137.00 TO 138.000-Model.pdf,,
138.000 TO 139.000,138.000 TO 139.000.dwg,138.000 TO 139.000-Model.pdf,,
139.000 TO 140.000,139.000 TO 140.000.dwg,139.000 TO 140.000-Model.pdf,,
140.000 TO 141.000,140.000 TO 141.000.dwg,140.000 TO 141.000-Model.pdf,,
141.000 TO 142.000,141.000 TO 142.000.dwg,141.000 TO 142.000-Model.pdf,,
142.000 TO 143.000,142.000 TO 143.000.dwg,142.000 TO 143.000-Model.pdf,,
143.000 TO 144.000,143.000 TO 144.000.dwg,143.000 TO 144.000-Model.pdf,,
144.000 TO 145.000,144.000 TO 145.000.dwg,144.000 TO 145.000-Model.pdf,,
145.000 TO 146.000,145.000 TO 146.000.dwg,145.000 TO 146.000-Model.pdf,,
146.000 TO 147.000,146.000 TO 147.000.dwg,146.000 TO 147.000-Model.pdf,,
147.000 TO 148.000,147.000 TO 148.000.dwg,147.000 TO 148.000-Model.pdf,,
148.000 TO 149.000,148.000 TO 149.000.dwg,148.000 TO 149.000-Model.pdf,,
149.000 TO 150.000,149.000 TO 150.000.dwg,149.000 TO 150.000-Model.pdf,,
150.000 TO 151.000,150.000 TO 151.000.dwg,150.000 TO 151.000-Model.pdf,,
151.000 TO 152.000,151.000 TO 152.000.dwg,151.000 TO 152.000-Model.pdf,,
152.000 TO 153.000,152.000 TO 153.000.dwg,152.000 TO 153.000-Model.pdf,,
153.000 TO 154.000,153.000 TO 154.000.dwg,153.000 TO 154.000-Model.pdf,,
154.000 TO 154.900,154.000 TO 155.745.dwg,154.000 TO 155.745-Model.pdf,,
154.900 TO 156.000,154.900 TO 156.000.dwg,154.900 TO 156.000-Model.pdf,,
156.000 TO 157.000,156.000 TO 157.000.dwg,156.000 TO 157.000-Model.pdf,,
157.000 TO 158.000,157.000 TO 158.000.dwg,157.000 TO 158.000-Model.pdf,,
158.000 TO 159.000,158.000 TO 159.000.dwg,158.000 TO 159.000-Model.pdf,,
159.000 TO 160.000,159.000 TO 160.000.dwg,159.000 TO 160.000-Model.pdf,,
160.000 TO 161.000,160.000 TO 161.000.dwg,160.000 TO 161.000-Model.pdf,,
161.000 TO 162.000,161.000 TO 162.000.dwg,161.000 TO 162.000-Model.pdf,,
162.000 TO 163.000,162.000 TO 163.000.dwg,162.000 TO 163.000-Model.pdf,,
163.000 TO 164.000,163.000 TO 164.000.dwg,163.000 TO 164.000-Model.pdf,,
164.000 TO 165.000,164.000 TO 165.000.dwg,164.000 TO 165.000-Model.pdf,,
165.000 to 166.000,165.000 to 166.000.dwg,165.000 to 166.000-Model.pdf,,
166.000 TO 167.000,166.000 TO 167.000.dwg,166.000 TO 167.000-Model.pdf,,
167.000 TO 168.000,167.000 TO 168.000.dwg,167.000 TO 168.000-Model.pdf,,
168.000 TO 169.000,168.000 TO 169.000.dwg,168.000 TO 169.000-Model.pdf,,
169.000 TO 170.000,169.000 TO 170.000.dwg,169.000 TO 170.000-Model.pdf,,
170.000 TO 171.000,170.000 TO 171.000.dwg,170.000 TO 171.000-Model.pdf,,
171.000 TO 172.000,171.000 TO 172.000.dwg,171.000 TO 172.000-Model.pdf,,
172.000 TO 173.000,172.000 TO 173.000.dwg,172.000 TO 173.000-Model.pdf,,
173.000 TO 174.000,173.000 TO 174.000.dwg,173.000 TO 174.000-Model.pdf,,
174.000 TO 175.000,174.000 TO 175.000.dwg,174.000 TO 175.000-Model.pdf,,
175.000 TO 176.000,175.000 TO 176.000.dwg,175.000 TO 176.000-Model.pdf,,
176.000 TO 177.000,176.000 TO 177.000.dwg,176.000 TO 177.000-Model.pdf,,
176.000 TO 176.425,176.000 TO 176.425.dwg,176.000 TO 176.425-Model.pdf,,
177.000 TO 178.000,177.000 TO 178.000.dwg,177.000 TO 178.000-Model.pdf,,
178.000 TO 179.000,178.000 TO 179.000.dwg,178.000 TO 179.000-Model.pdf,,
179.000 TO 180.000,179.000 TO 180.000.dwg,179.000 TO 180.000-Model.pdf,,
180.000 TO 181.000,180.000 TO 181.000.dwg,180.000 TO 181.000-Model.pdf,,
181.000 TO 182.000,181.000 TO 182.000.dwg,181.000 TO 182.000-Model.pdf,,
182.000 TO 183.000,182.000 TO 183.000.dwg,182.000 TO 183.000-Model.pdf,,
183.000 TO 184.000,183.000 TO 184.000.dwg,183.000 TO 184.000-Model.pdf,,
184.000 TO 185.000,184.000 TO 185.000.dwg,184.000 TO 185.000-Model.pdf,,
185.000 TO 186.000,185.000 TO 186.000.dwg,185.000 TO 186.000-Model.pdf,,
186.000 TO 187.000,186.000 TO 187.000.dwg,186.000 TO 187.000-Model.pdf,,
187.000 TO 188.000,187.000 TO 188.000.dwg,187.000 TO 188.000-Model.pdf,,
188.000 TO 189.000,188.000 TO 189.000.dwg,188.000 TO 189.000-Model.pdf,,
189.000 TO 190.000,189.000 TO 190.000.dwg,189.000 TO 190.000-Model.pdf,,
190.000 TO 191.200,190.000 TO 191.200.dwg,190.000 TO 191.200-Model.pdf,,
191.200 TO 192.000,191.200 TO 192.000.dwg,191.200 TO 192.000-Model.pdf,,
192.000 TO 193.000,192.000 TO 193.000.dwg,192.000 TO 193.000-Model.pdf,,
193.000 TO 194.000,193.000 TO 194.000.dwg,193.000 TO 194.000-Model.pdf,,
194.000 TO 195.000,194.000 TO 195.000.dwg,194.000 TO 195.000-Model.pdf,,
195.000 TO 196.000,195.000 TO 196.000.dwg,195.000 TO 196.000-Model.pdf,,
196.000 TO 197.000,196.000 TO 197.000.dwg,196.000 TO 197.000-Model.pdf,,
197.000 TO 198.000,197.000 TO 198.000.dwg,197.000 TO 198.000-Model.pdf,,
198.000 TO 199.000,198.000 TO 199.000.dwg,198.000 TO 199.000-Model.pdf,,
199.000 TO 200.000,199.000 TO 200.000.dwg,199.000 TO 200.000-Model.pdf,,
200.000 TO 201.000,200.000 TO 201.000.dwg,200.000 TO 201.000-Model.pdf,,
201.000 TO 202.000,201.000 TO 202.000.dwg,201.000 TO 202.000-Model.pdf,,
202.000 TO 203.000,202.000 TO 203.000.dwg,202.000 TO 203.000-Model.pdf,,
203.000 TO 204.000,203.000 TO 204.000.dwg,203.000 TO 204.000-Model.pdf,,
204.000 TO 205.000,204.000 TO 205.000.dwg,204.000 TO 205.000-Model.pdf,,
205.000 T0 206.000,205.000 T0 206.000.dwg,205.000 T0 206.000-Model.pdf,,
206.000 TO 207.000,206.000 TO 207.000.dwg,206.000 TO 207.000-Model.pdf,,
207.000 TO 208.000,207.000 TO 208.000.dwg,207.000 TO 208.000-Model.pdf,,
208.000 TO 209.000,208.000 TO 209.000.dwg,208.000 TO 209.000-Model.pdf,,
209.000 TO 209.450-210.000,209.000 TO 209.450-210.000.dwg,209.000 TO 209.450-210.000-Model.pdf,,
210.000 TO 211.000,210.000 TO 211.000.dwg,210.000 TO 211.000-Model.pdf,,
211.000 TO 212.000,211.000 TO 212.000.dwg,211.000 TO 212.000-Model.pdf,,
212.000 TO 213.000,212.000 TO 213.000.dwg,212.000 TO 213.000-Model.pdf,,
213.000 TO 214.000,213.000 TO 214.000.dwg,213.000 TO 214.000-Model.pdf,,
214.000 TO 215.000,214.000 TO 215.000.dwg,214.000 TO 215.000-Model.pdf,,
215.000 TO 216.300,215.000 TO 216.300.dwg,215.000 TO 216.300-Model.pdf,,
PERURU BC 0.000 TO 1.000,0.000 TO 1.000.dwg,0.000 TO 1.000-Model.pdf,,
PERURU BC 1.000 TO 2.000,1.000 TO 2.000.dwg,1.000 TO 2.000-Model.pdf,,
PERURU BC 2.000 TO 3.000,2.000 TO 3.000.dwg,2.000 TO 3.000-Model.pdf,,
PERURU BC 3.000 TO 4.000,3.000 TO 4.000.dwg,3.000 TO 4.000-Model.pdf,,
PERURU BC 4.000 TO 5.000,4.000 TO 5.000.dwg,4.000 TO 5.000-Model.pdf,,
PERURU BC 5.000 TO 6.070,5.000 TO 6.070.dwg,5.000 TO 6.070-Model.pdf,,
D2 OF PERURU BC 0.000 TO 1.000,D2 OF PERUR BC 0.000 TO 1.000.dwg,D2 OF PERUR BC 0.000 TO 1.000-Model.pdf,,
D2 OF PERURU BC 1.000 TO 2.000,D2 OF PERUR BC 1.000 TO 2.000.dwg,D2 OF PERUR BC 1.000 TO 2.000-Model.pdf,,
D2 OF PERURU BC 2.000 TO 3.000,D2 OF PERUR BC 2.000 TO 3.000.dwg,D2 OF PERUR BC 2.000 TO 3.000-Model.pdf,,
D2 OF PERURU BC 3.000 TO 3.925,D2 OF PERUR BC 3.000 TO 3.925.dwg,D2 OF PERUR BC 3.000 TO 3.925-Model.pdf,,
D3 OF PERURU BC 0.000 TO 1.000,D3 OF PERUR BC 0.000 TO 1.000.dwg,D3 OF PERUR BC 0.000 TO 1.000-Model.pdf,,
D3 OF PERURU BC 1.000 TO 2.000,D3 OF PERUR BC 1.000 TO 2.000.dwg,D3 OF PERUR BC 1.000 TO 2.000-Model.pdf,,
D3 OF PERURU BC 2.000 TO 3.000,D3 OF PERUR BC 2.000 TO 3.000.dwg,D3 OF PERUR BC 2.000 TO 3.000-Model.pdf,,
D3 OF PERURU BC 3.000 TO 4.000,D3 OF PERUR BC 3.000 TO 4.000.dwg,D3 OF PERUR BC 3.000 TO 4.000-Model.pdf,,
D3 OF PERURU BC 4.000 TO 5.000,D3 OF PERUR BC 4.000 TO 5.000.dwg,D3 OF PERUR BC 4.000 TO 5.000-Model.pdf,,
D3 OF PERURU BC 5.000 TO 6.000,D3 OF PERUR BC 5.000 TO 6.000.dwg,D3 OF PERUR BC 5.000 TO 6.000-Model.pdf,,
D3 OF PERURU BC 6.000 TO 7.000,D3 OF PERUR BC 6.000 TO 7.000.dwg,D3 OF PERUR BC 6.000 TO 7.000-Model.pdf,,
D3 OF PERURU BC 7.000 TO 8.000,D3 OF PERUR BC 7.000 TO 8.000.dwg,D3 OF PERUR BC 7.000 TO 8.000-Model.pdf,,
D3 OF PERURU BC 8.000 TO 9.000,D3 OF PERUR BC 8.000 TO 9.000.dwg,D3 OF PERUR BC 8.000 TO 9.000-Mode.pdf,,
D3 OF PERURU BC 9.000 TO 10.000,D3 OF PERUR BC 9.000 TO 10.000.dwg,D3 OF PERUR BC 9.000 TO 10.000-Model.pdf,,
D3 OF PERURU BC 10.000 TO 11.000,D3 OF PERUR BC 10.000 TO 11.000.dwg,D3 OF PERUR BC 10.000 TO 11.000-Model.pdf,,
D3 OF PERURU BC 11.000 TO 11.325,D3 OF PERUR BC 11.000 TO 11.325.dwg,D3 OF PERUR BC 11.000 TO 11.325-Model.pdf,,
D4 OF PERURU BC 0.000 TO 1.000,D4 OF PERUR BC 0.000 TO 1.000.dwg,D4 OF PERUR BC 0.000 TO 1.000-Model.pdf,,
D4 OF PERURU BC 1.000 TO 2.075,D4 OF PERUR BC 1.000 TO 2.075.dwg,D4 OF PERUR BC 1.000 TO 2.075-Model.pdf,,
new menu,village,,,
PATTIKONDA-KM 114.950 TO  120.950,1) PATTIKONDA-KM 114.950 TO  120.950.dwg,1) PATTIKONDA-KM 114.950 TO  120.950.pdf,,
HOSUR-KM 120.950 TO  126.140,2) HOSUR-KM 120.950 TO  126.140.dwg,2) HOSUR-KM 120.950 TO  126.140.pdf,,
BURUJULA-KM 126.140 TO 130.475,3) BURUJULA-KM 126.140 TO 130.475.dwg,3) BURUJULA-KM 126.140 TO 130.475.pdf,,
PERAVELI-KM 130.475 TO 135.200,4) PERAVELI-KM 130.475 TO 135.200.dwg,4) PERAVELI-KM 130.475 TO 135.200.pdf,,
HAMPA 1ST PART-KM 135.200 TO 137.880,5) HAMPA 1ST PART-KM 135.200 TO 137.880.dwg,5) HAMPA 1ST PART-KM 135.200 TO 137.880.pdf,,
YADAVALLI-KM 137.880 TO 140.300,6) YADAVALLI-KM 137.880 TO 140.300.dwg,6) YADAVALLI-KM 137.880 TO 140.300.pdf,,
MADDIKERA AGRAHARAM-KM 140.300 TO 140.600,7) MADDIKERA AGRAHARAM-KM 140.300 TO 140.600.dwg,7) MADDIKERA AGRAHARAM-KM 140.300 TO 140.600.pdf,,
MADDIKERA EAST-KM 140.600 TO 143.925,8) MADDIKERA EAST-KM 140.600 TO 143.925.dwg,8) MADDIKERA EAST-KM 140.600 TO 143.925.pdf,,
SANGALA-KM 143.925 TO 145.910,9)SANGALA-KM 143.925 TO 145.910.dwg,9)SANGALA-KM 143.925 TO 145.910.pdf,,
KASAPURAM-KM 145.910 TO 151.000,10)KASAPURAM-KM 145.910 TO 151.000.dwg,10)KASAPURAM-KM 145.910 TO 151.000.pdf,,
TIMMA CHERLA-KM 151.000 TO 153.000,11)TIMMA CHERLA-KM 151.000 TO 153.000.dwg,11)TIMMA CHERLA-KM 151.000 TO 153.000.pdf,,
CHIPPI GIRI-KM 153.000 TO 154.075,12)CHIPPI GIRI-KM 153.000 TO 154.075.dwg,12)CHIPPI GIRI-KM 153.000 TO 154.075.pdf,,
GUNTAKAL 2ND PART-KM 154.890 TO 155.900,13)GUNTAKAL 2ND PART-KM 154.890 TO 155.900.dwg,13)GUNTAKAL 2ND PART-KM 154.890 TO 155.900.pdf,,
KONAKONDLA-KM 157.200 TO 166.680,14)KONAKONDLA-KM 157.200 TO 166.680.dwg,14)KONAKONDLA-KM 157.200 TO 166.680.pdf,,
GULAPALEM-KM 166.680 TO 168.000,15) GULAPALEM-KM 166.680 TO 168.000.dwg,15) GULAPALEM-KM 166.680 TO 168.000.pdf,,
POTTIPADU-KM 168.000 TO 171.500,16) POTTIPADU-KM 168.000 TO 171.500.dwg,16) POTTIPADU-KM 168.000 TO 171.500.pdf,,
GADE HOTUR-KM 171.500 TO 171.800,17) GADE HOTUR-KM 171.500 TO 171.800.dwg,17) GADE HOTUR-KM 171.500 TO 171.800.pdf,,
GANJIKUNTA-KM 171.800 TO 172.720,18) GANJIKUNTA-KM 171.800 TO 172.720.dwg,18) GANJIKUNTA-KM 171.800 TO 172.720.pdf,,
TATRAKALLU-KM 172.720 TO 174.260,19)TATRAKALLU-KM 172.720 TO 174.260.dwg,19)TATRAKALLU-KM 172.720 TO 174.260.pdf,,
RAGULAPADU-KM 174.260 TO 176.325,20) RAGULAPADU-KM 174.260 TO 176.325.dwg,20) RAGULAPADU-KM 174.260 TO 176.325.pdf,,
PATHA KADAMALAKUNTA-KM 176.325 TO 179.815,21) PATHA KADAMALAKUNTA-KM 176.325 TO 179.815.dwg,21) PATHA KADAMALAKUNTA-KM 176.325 TO 179.815.pdf,,
PEDDA CHINNAYAPALLI-KM 179.815 TO 185.550,22) PEDDA CHINNAYAPALLI-KM 179.815 TO 185.550.dwg,22) PEDDA CHINNAYAPALLI-KM 179.815 TO 185.550.pdf,,
URAVAKONDA-KM 188.550 TO 188.200,23) URAVAKONDA-KM 188.550 TO 188.200.dwg,23) URAVAKONDA-KM 188.550 TO 188.200.pdf,,
LATHAVARAM-KM 188.200 TO 190.750,24) LATHAVARAM-KM 188.200 TO 190.750.dwg,24) LATHAVARAM-KM 188.200 TO 190.750.pdf,,
CHINNA MUSTURU-KM 190.750 TO 192.650,25) CHINNA MUSTURU-KM 190.750 TO 192.650.dwg,25) CHINNA MUSTURU-KM 190.750 TO 192.650.pdf,,
PEDDA MUSTURU-KM 192.650 TO 194.600,26) PEDDA MUSTURU-KM 192.650 TO 194.600.dwg,26) PEDDA MUSTURU-KM 192.650 TO 194.600.pdf,,
INDRAVATHI-KM 194.600 TO 195.575,27) INDRAVATHI-KM 194.600 TO 195.575.dwg,27) INDRAVATHI-KM 194.600 TO 195.575.pdf,,
MOPIDI-KM 195.575 TO 197.900,28) MOPIDI-KM 195.575 TO 197.900.dwg,28) MOPIDI-KM 195.575 TO 197.900.pdf,,
AMIDYALA-KM 197.900 TO 201.230,29) AMIDYALA-KM 197.900 TO 201.230.dwg,29) AMIDYALA-KM 197.900 TO 201.230.pdf,,
RAKETLA-KM 201.230 TO 205.350,30) RAKETLA-KM 201.230 TO 205.350.dwg,30) RAKETLA-KM 201.230 TO 205.350.pdf,,
PEDDAKAWKUNTLA-KM 205.350 TO 210.850,31) PEDDAKAWKUNTLA-KM 205.350 TO 210.850.dwg,31) PEDDAKAWKUNTLA-KM 205.350 TO 210.850.pdf,,
MYLARAMPALLI-KM 210.850 TO 212.400,32) MYLARAMPALLI-KM 210.850 TO 212.400.dwg,32) MYLARAMPALLI-KM 210.850 TO 212.400.pdf,,
RAMAPURAM-KM 212.400 TO 213.200,33) RAMAPURAM-KM 212.400 TO 213.200.dwg,33) RAMAPURAM-KM 212.400 TO 213.200.pdf,,
Jeedipalli Reservoir -FRL,34)Jeedipalli Reservoir -BUND-FRL.dwg,34)Jeedipalli Reservoir -BUND-FRL.pdf,,
PERURU BC-A-KM 0.000 TO 6.000,35) PERUR BC--KM 0.000 TO 6.070.dwg,35) PERUR BC-A-KM 0.000 TO 6.070-Model.pdf,,
PERURU BC-B,,38 39 40 41) PERUR BC-B.pdf,,
new menu,village maps,,,
PATTIKONDA,1) PATTIKONDA.dwg,,1) PATTIKONDA.jpg,
HOSUR-MODEL,2) HOSUR.dwg,,2) HOSUR-MODEL.jpg,
BURUJULA,3) BURUJULA.dwg,,3) BURUJULA.jpg,
PERAVELI,4) PERAVELI.dwg,,4) PERAVELI.jpg,
HAMPA 1ST PART,5) HAMPA 1ST PART.dwg,,5) HAMPA 1ST PART.jpg,
YADAVALLI,6) YADAVALLI.dwg,,6) YADAVALLI.jpg,
MADDIKERA AGRAHARAM,7) MADDIKERA AGRAHARAM.dwg,,7) MADDIKERA  AGRAHARAM.jpg,
MADDIKERA - EAST,8) MADDIKERA EAST.dwg,,8) MADDIKERA - EAST.jpg,
SANGALA,9)SANGALA.dwg,,9) SANGAL.jpg,
KASAPURAM,10)KASAPURAM.dwg,,10) KASAPURAM.jpg,
TIMMANA CHERLA,11)TIMMA CHERVU.dwg,,11) TIMMANA CHERLA.jpg,
CHIPPA GIRI,12)CHIPPA GIRI.dwg,,12) CIPPIGIRI.jpg,
GUNTAKAL 2ND PART,13)GUNTAKAL 2ND PART.dwg,,,
KONAKONDLA,14)KONAKONDLA.dwg,,14) KONAKONDLA.jpg,
GULAPALEM,15) GULAPALEM.dwg,,15) GULAPALEM.jpg,
POTTIPADU,16) POTTIPADU.dwg,,16) POTTIPADU.jpg,
GADE HOTURU,17) GADE HOTURU.dwg,,17) GADE HOTURU.jpg,
GANJIKUNTA,18) GANJIKUNTA.dwg,,18) GANJIKUNTA.jpg,
TATRAKALLU,19)TATRAKALLU.dwg,,19) TATRAKALLU.jpg,
RAGULAPADU,20) RAGULAPADU.dwg,,20) RAGULAPADU.jpg,
PATHA KADAMALA KUNTA,21) PATHA KADAMALAKUNTA.dwg,,21) PATHA KADAMALA KUNTA.jpg,
PEDDA CHINNAPYAPILI,22) PEDDA CHINNAYAPALLI.dwg,,22) PEDDA CHINNAPYAPILI.jpg,
URAVAKONDA,23) URAVAKONDA.dwg,,23) URAVAKONDA.jpg,
LATHAVARAM,24) LATHAVARAM.dwg,,24) LATHAVARAM.jpg,
CHINNA MUSTURU,25) CHINNA MUSTURU.dwg,,25) CHINNA MUSTURU.jpg,
PEDDA MUSTURU,26) PEDDA MUSTURU.dwg,,26) PEDDA MUSTURU.jpg,
INDRAVATHI,27) INDRAVATHI.dwg,,27) INDRAVATHI.jpg,
MOPIDI,28) MOPIDI.dwg,,28) MOPIDI.jpg,
AMIDALA,29) AMIDYALA.dwg,,29) AMIDALA.jpg,
RAKETLA,30) RAKETLA.dwg,,30) RAKETLA.jpg,
PEDDAKOWKUNTLA,31) PEDDAKAWKUNTLA.dwg,,31) PEDDAKOWKUNTLA.jpg,
MYLARAMPALLE,32) MYLARAMPALLI.dwg,,32) MYLARAMPALLE.jpg,
Y.RAMAPURAM,33) RAMAPURAM.dwg,,33) Y.RAMAPURAM.jpg,
BUDIGUMMA,34 35 36 37)Jeedipalli Reservoir -FRL.dwg,,34) BUDIGUMMA.jpg,
ANKAMPALLE,34 35 36 37)Jeedipalli Reservoir -FRL.dwg,,35) ANKAMPALLE.jpg,
KONAMPALLE,34 35 36 37)Jeedipalli Reservoir -FRL.dwg,,36) KONAMPALLE.jpg,
DUDDEKUNTA,34 35 36 37)Jeedipalli Reservoir -FRL.dwg,,37) DUDDEKONDA.jpg,
TAGGUPARTI,38 39 40 41) PERUR BC.dwg,,38)TAGGUPARTI.jpg,
ERRAGUDI,38 39 40 41) PERUR BC.dwg,,39)ERRAGUDI.jpg,
BELLUGUPPA,38 39 40 41) PERUR BC.dwg,,40)BELLUGUPPA.jpg,
HANAKANAHAL,38 39 40 41) PERUR BC.dwg,,41)HANAKANAHAL.jpg,
new menu,custom menu,,,
Base Cum Site Map,,Auto cad MAP,HNSS-BASE MAP-TOTAL LENGTH.dwg,
Additional data,Property survey,PDF,PROPERTY SURVEY-CADD-HNSS PHASE1.-Model.pdf,
Additional data,Property survey,Digitised Copy,PROPERTY SURVEY-CADD-HNSS PHASE1...dwg,
new menu,structure photos,,,
KM 114.865-SLB,KM 114.865-SLB1.jpg,,,
KM 114.865-SLB,KM 114.865-SLB2.jpg,,,
KM 116.623-UT,KM 116.623-UT1.jpg,,,
KM 116.623-UT,KM 116.623-UT2.jpg,,,
KM 117.093-UT,KM 117.093-UT1.jpg,,,
KM 117.093-UT,KM 117.093-UT2.jpg,,,
KM 117.912-DLB,KM 117.912-DLB1.jpg,,,
KM 117.912-DLB,KM 117.912-DLB2.jpg,,,
KM 118.075-UT,KM 118.075-UT1.jpg,,,
KM 118.075-UT,KM 118.075-UT2.jpg,,,
KM 118.075-UT,KM 118.075-UT3.jpg,,,
KM 118.075-UT,KM 118.075-UT4.jpg,,,
KM 118.075-UT,KM 118.075-UT5.jpg,,,
KM 119.027-SLB,KM 119.027-SLB1.jpg,,,
KM 119.027-SLB,KM 119.027-SLB2.jpg,,,
KM 119.763-UT,KM 119.763-UT1.jpg,,,
KM 119.763-UT,KM 119.763-UT2.jpg,,,
KM 121.740-DLB,KM 121.740-DLB1.jpg,,,
KM 121.740-DLB,KM 121.740-DLB2.jpg,,,
KM 123.050-SLB,KM 123.050-SLB1.jpg,,,
KM 123.050-SLB,KM 123.050-SLB2.jpg,,,
KM 123.254-SLB,KM 123.254-SLB1.jpg,,,
KM 123.254-SLB,KM 123.254-SLB2.jpg,,,
KM 123.292-UT,KM 123.292-UT1.jpg,,,
KM 123.292-UT,KM 123.292-UT2.jpg,,,
KM 125.155-SP,KM 125.155-SP1.jpg,,,
KM 125.155-SP,KM 125.155-SP2.jpg,,,
KM 126.110-SP,KM 126.110-SP1.jpg,,,
KM 126.110-SP,KM 126.110-SP2.jpg,,,
KM 128.073-UT,KM 128.073-UT1.jpg,,,
KM 128.073-UT,KM 128.073-UT2.jpg,,,
KM 129.519-SLB,KM 129.519-SLB1.jpg,,,
KM 129.519-SLB,KM 129.519-SLB2.jpg,,,
KM 130.023-SP,KM 130.023-SP1.jpg,,,
KM 130.023-SP,KM 130.023-SP2.jpg,,,
KM 133.000-SLB,KM 133.000-SLB1.jpg,,,
KM 133.000-SLB,KM 133.000-SLB2.jpg,,,
KM 133.538-RB,KM 133.538-RB.jpg,,,
KM 134.270-DROP,KM 134.270-DROP1.jpg,,,
KM 134.270-DROP,KM 134.270-DROP2.jpg,,,
KM 134.40-DLB2,KM 134.40-DLB2-1.jpg,,,
KM 134.402-2-DLB,KM 134.402-2-DLB.jpg,,,
KM 134.675-SP,KM 134.675-SP-1.jpg,,,
KM 134.675-SP,KM 134.675-SP-2.jpg,,,
KM 136.085-SLB,KM 136.085-SLB1.jpg,,,
KM 136.085-SLB,KM 136.085-SLB2.jpg,,,
KM 136.785 SYPHON,KM 136.785 SYPHON-1.jpg,,,
KM 136.785 SYPHON,KM 136.785 SYPHON-2.jpg,,,
KM 137.325-SLB,KM 137.325-SLB-1.jpg,,,
KM 137.325-SLB,KM 137.325-SLB-2.jpg,,,
KM 138.146-UT,KM 138.146-UT-1.jpg,,,
KM 138.146-UT,KM 138.146-UT-2.jpg,,,
KM 138.800-SLB,KM 138.800-SLB-1.jpg,,,
KM 138.800-SLB,KM 138.800-SLB-2.jpg,,,
KM 139.200-UT,KM 139.200-UT-1.jpg,,,
KM 139.200-UT,KM 139.200-UT-2.jpg,,,
KM 140.309-SLB,KM 140.309-SLB-1.jpg,,,
KM 140.309-SLB,KM 140.309-SLB-2.jpg,,,
KM 141.268-UT,KM 141.268-UT-1.jpg,,,
KM 141.268-UT,KM 141.268-UT-2.jpg,,,
KM 141.735-SLB,KM 141.735-SLB-1.jpg,,,
KM 141.735-SLB,KM 141.735-SLB-2.jpg,,,
KM 142.468-SLB,KM 142.468-SLB-1.jpg,,,
KM 142.468-SLB,KM 142.468-SLB-2.jpg,,,
KM 145.225-UT,KM 145.225-UT-1.jpg,,,
KM 145.225-UT,KM 145.225-UT-2.jpg,,,
KM 145.581--SLB,KM 145.581--SLB2.jpg,,,
KM 145.581-SLB,KM 145.581-SLB-1.jpg,,,
KM 146.782--DLB,KM 146.782--DLB1.jpg,,,
KM 146.782--DLB,KM 146.782--DLB2.jpg,,,
KM 147.200-UT,KM 147.200-UT-1.jpg,,,
KM 147.200-UT,KM 147.200-UT-2.jpg,,,
KM 147.575-OT,KM 147.575-OT1.jpg,,,
KM 147.575-OT,KM 147.575-OT2.jpg,,,
KM 147.750-DLB,KM 147.750-DLB-1.jpg,,,
KM 147.750-DLB,KM 147.750-DLB-2.jpg,,,
KM 148.146 SLB,KM 148.146 SLB-1.jpg,,,
KM 148.146 SLB,KM 148.146 SLB-2.jpg,,,
KM 148.925-SLB,KM 148.925 SLB-1.jpg,,,
KM 148.925-SLB,KM 148.925-SLB-2.jpg,,,
KM 149.694 RB,KM 149.694 RB.jpg,,,
KM 150.610-SP,KM 150.610-SP-1.jpg,,,
KM 150.610-SP,KM 150.610-SP-2.jpg,,,
KM 151.260-SLB,KM 151.260 SLB-1.jpg,,,
KM 151.260-SLB,KM 151.260-SLB-2.jpg,,,
KM 151.550-RB,KM 151.550-RB-1.jpg,,,
KM 153.187-DLB,KM 153.187-DLB-1.jpg,,,
KM 153.187-DLB,KM 153.187-DLB-2.jpg,,,
KM 154.200-UT,KM 154.200-UT-1.jpg,,,
KM 154.200-UT,KM 154.200-UT-2.jpg,,,
KM 154.895-RAILY,KM 154.895-RAILY1.jpg,,,
KM 154.895-RAILY,KM 154.895-RAILY2.jpg,,,
KM 155.067-DLB,KM 155.067-DLB-1.jpg,,,
KM 155.067-DLB,KM 155.067-DLB-2.jpg,,,
KM 155.139-UT,KM 155.139-UT-1.jpg,,,
KM 155.139-UT,KM 155.139-UT-2 (2).jpg,,,
KM 155.139-UT,KM 155.139-UT-2.jpg,,,
KM 155.139-UT,KM 155.139-UT-3.jpg,,,
KM 155.300-UT,KM 155.300-UT-1.jpg,,,
KM 155.300-UT,KM 155.300-UT-2.jpg,,,
KM 155.300-UT,KM 155.300-UT-3.jpg,,,
KM 156.200-UT,KM 156.200-UT-1.jpg,,,
KM 156.200-UT,KM 156.200-UT-2.jpg,,,
KM 157.508-UT,KM 157.508-UT-1.jpg,,,
KM 157.508-UT,KM 157.508-UT-2.jpg,,,
KM 158.483-DLB,KM 158.483-DLB-1.jpg,,,
KM 158.483-DLB,KM 158.483-DLB-2.jpg,,,
KM 158.495-SP,KM 158.495-SP-1.jpg,,,
KM 158.495-SP,KM 158.495-SP-2.jpg,,,
KM 161.050-SLB,KM 161.050-SLB-1.jpg,,,
KM 161.050-SLB,KM 161.050-SLB-2.jpg,,,
KM 161.925-SP,KM 161.925-SP-1.jpg,,,
KM 161.925-SP,KM 161.925-SP-2.jpg,,,
KM 163.800-SP,KM 163.800-SP.jpg,,,
KM 165.10-DLB0,KM 165.10-DLB0-2.jpg,,,
KM 165.100-DLB,KM 165.100-DLB-1.jpg,,,
KM 165.923-SP,KM 165.923-SP-1.jpg,,,
KM 165.923-SP,KM 165.923-SP-2.jpg,,,
KM 165.923-SP,KM 165.923-SP-3.jpg,,,
KM 166.305-SLB,KM 166.305-SLB-1.jpg,,,
KM 166.305-SLB,KM 166.305-SLB-2.jpg,,,
KM 168.000-SLB,KM 168.000-SLB.jpg,,,
KM 168.312-SP,KM 168.312-SP.jpg,,,
KM 170.017-SP,KM 170.017-SP1.jpg,,,
KM 170.39-SLB5,KM 170.39-SLB5-1.jpg,,,
KM 173.975-SP,KM 173.975-SP-1.jpg,,,
KM 176.050-SP,KM 176.050-SP-1.jpg,,,
KM 176.286-SLB,KM 176.286-SLB-1.jpg,,,
KM 176.286-SLB,KM 176.286-SLB-2.jpg,,,
KM 177.780-INLET,KM 177.780-INLET1.jpg,,,
KM 177.780-INLET,KM 177.780-INLET2.jpg,,,
KM 178.540-UT,KM 178.540-UT-1.jpg,,,
KM 178.540-UT,KM 178.540-UT-2.jpg,,,
KM 178.719SLB,KM 178.719SLB.jpg,,,
KM 179.413-SP,KM 179.413-SP-1.jpg,,,
KM 179.413-SP,KM 179.413-SP-2.jpg,,,
KM 179.649-SLB,KM 179.649-SLB1.jpg,,,
KM 179.649-SLB,KM 179.649-SLB2.jpg,,,
KM 181.145-SLB,KM 181.145-SLB-1.jpg,,,
KM 181.346-AQUDUCT,KM 181.346-AQUDUCT1.jpg,,,
KM 181.346-AQUDUCT,KM 181.346-AQUDUCT2.jpg,,,
KM 182.150-SLB,KM 182.150-SLB1.jpg,,,
KM 182.150-SLB,KM 182.150-SLB2.jpg,,,
KM 185.194SP,KM 185.194SP-.jpg,,,
KM 186.500-186.889-OT,KM 186.500-186.889-OT-1.jpg,,,
KM 186.500-186.889-OT,KM 186.500-186.889-OT-2.jpg,,,
KM 186.500-186.889-OT,KM 186.500-186.889-OT-3.jpg,,,
KM 187.028-SLB,KM 187.028-SLB1.jpg,,,
KM 187.028-SLB,KM 187.028-SLB2.jpg,,,
KM 187.028-SLB,KM 187.028-SLB3.jpg,,,
KM 188.551-SLB,KM 188.551-SLB-2.jpg,,,
KM 188.551-SLB,KM 188.551-SLB.jpg,,,
KM 188.565-SP,KM 188.565-SP-1.jpg,,,
KM 191.105-DLB,KM 191.105-DLB-1.jpg,,,
KM 191.105-DLB,KM 191.105-DLB-2.jpg,,,
KM 192.500-OT,KM 192.500-OT-1.jpg,,,
KM 192.500-OT,KM 192.500-OT-2.jpg,,,
KM 192.675-INLET,KM 192.675-INLET.jpg,,,
KM 193.735-SLB,KM 193.735-SLB-1.jpg,,,
KM 193.735-SLB,KM 193.735-SLB-2.jpg,,,
KM 194.957-INLET,KM 194.957-INLET.jpg,,,
KM 195.055-SLB,KM 195.055-SLB.jpg,,,
KM 195.575-AQUDUCT,KM 195.575-AQUDUCT.jpg,,,
KM 196.500--OT,KM 196.500--OT3.jpg,,,
KM 196.52-SLB5,KM 196.52-SLB5-2.jpg,,,
KM 196.525-SLB,KM 196.525-SLB-2.jpg,,,
KM 196.705-SP,KM 196.705-SP.jpg,,,
KM 197.700-SP,KM 197.700-SP.jpg,,,
KM 198.775-SLB,KM 198.775-SLB.jpg,,,
KM 199.325-SP,KM 199.325-SP.jpg,,,
KM 199.750-SLB,KM 199.750-SLB-1.jpg,,,
KM 199.750-SLB,KM 199.750-SLB-2.jpg,,,
KM 201.400-INLET,KM 201.400-INLET.jpg,,,
KM 202.275-SP,KM 202.275-SP.jpg,,,
KM 202.830-SLB,KM 202.830-SLB-1.jpg,,,
KM 202.830-SLB,KM 202.830-SLB-2.jpg,,,
KM 203.125-SP,KM 203.125-SP.jpg,,,
KM 203.460-SLB,KM 203.460-SLB-1.jpg,,,
KM 203.460-SLB,KM 203.460-SLB-2.jpg,,,
KM 203.775-SP,KM 203.775-SP.jpg,,,
KM 203.955-DLB,KM 203.955-DLB-1.jpg,,,
KM 203.955-DLB,KM 203.955-DLB-2.jpg,,,
KM 204.825-UT,KM 204.825-UT.jpg,,,
KM 206.050-INLET,KM 206.050-INLET.jpg,,,
KM 207.150-UT,KM 207.150-UT-1.jpg,,,
KM 207.752-DLB,KM 207.752-DLB-1.jpg,,,
KM 207.752-DLB,KM 207.752-DLB-2.jpg,,,
KM 207.950-UT,KM 207.950-UT-1.jpg,,,
KM 207.950-UT,KM 207.950-UT-2.jpg,,,
KM 208.750-UT,KM 208.750-UT-1.jpg,,,
KM 209.252-1-DLB,KM 209.252-1-DLB.jpg,,,
KM 209.252-2-DLB,KM 209.252-2-DLB.jpg,,,
KM 209.600-UT,KM 209.600-UT.jpg,,,
KM 209.600-UT,KM 209.600-UT2.jpg,,,
KM 211.000-UT,KM 211.000-UT-1.jpg,,,
KM 211.000-UT,KM 211.000-UT-2.jpg,,,
KM 212.075-UT,KM 212.075-UT-1.jpg,,,
KM 212.075-UT,KM 212.075-UT-2.jpg,,,
KM 212.660-UT,KM 212.660-UT -1.jpg,,,
KM 212.660-UT,KM 212.660-UT -2.jpg,,,
KM 212.660-UT,KM 212.660-UT -3.jpg,,,
KM 213.050-SLB,KM 213.050-SLB-1.jpg,,,
KM 213.050-SLB,KM 213.050-SLB-2.jpg,,,
KM 213.50-UT0,KM 213.50-UT0-1.jpg,,,
KM 213.500-UT,KM 213.500-UT-2.jpg,,,
KM 214.375-INLET,KM 214.375-INLET1.jpg,,,
KM 214.375-INLET,KM 214.375-INLET2.jpg,,,
KM 215.750-UT,KM 215.750-UT-1.jpg,,,
KM 215.750-UT,KM 215.750-UT-2.jpg,,,
KM 216.100-DLRB CUM HEAD REGULAR,KM 216.100-DLRB CUM HEAD REGULAR.jpg,,,
KM 216.180-DLRB CUM HEAD REGULAR,KM 216.180-DLRB CUM HEAD REGULAR.jpg,,,
KM 1.000-SURPLUS WEIR,KM 1.000-SURPLUS WEIR-1.jpg,,,
KM 1.000-SURPLUS WEIR,KM 1.000-SURPLUS WEIR-2.jpg,,,
KM 1.000-SURPLUS WEIR,KM 1.000-SURPLUS WEIR-3.jpg,,,
KM 5.100-OT ON BUND NO,KM 5.100-OT ON BUND NO-1.jpg,,,
KM 5.100-OT ON BUND NO,KM 5.100-OT ON BUND NO-2.jpg,,,
OUT.OF.LIST,OUT.OF.LIST-2.jpg,,,
KM 1.375-PS,KM 1.375-PS 9-1.jpg,,,
KM 1.375-PS,KM 1.375-PS 9-2.jpg,,,
KM 1.825-SLB,KM 1.825-SLB-1.jpg,,,
KM 1.825-SLB,KM 1.825-SLB-2.jpg,,,
KM 3.270-PS,KM 3.270-PS 10-1.jpg,,,
KM 3.270-PS,KM 3.270-PS 10-2.jpg,,,
KM 3.270-PS,KM 3.270-PS 10-3.jpg,,,
KM 3.600-DLB,KM 3.600-DLB-1.jpg,,,
KM 3.600-DLB,KM 3.600-DLB-2.jpg,,,
KM 3.970-D2 OT,KM 3.970-D2 OT.jpg,,,
KM 4.570-D3 OT,KM 4.570-D3 OT.jpg,,,
KM 4.725-DROP,KM 4.725-DROP-1.jpg,,,
KM 4.725-DROP,KM 4.725-DROP-2.jpg,,,
KM 5.520-D4 OT,KM 5.520-D4 OT.jpg,,,
KM 5.900-DLB,KM 5.900-DLB-1.jpg,,,
KM 5.900-DLB,KM 5.900-DLB-2.jpg,,,
KM 6.070-PBC TE_D5 OT,KM 6.070-PBC TE _ D5 OT-1.jpg,,,
KM 6.070-PBC TE_D5 OT,KM 6.070-PBC TE _ D5 OT-2.jpg,,,
new menu,images,,,
1.png,,,,
2.png,,,,
3.png,,,,
4.png,,,,
5.png,,,,
6.jpg,,,,
7.jpg,,,,
8.png,,,,
9.jpg,,,,
10.png,,,,
11.png,,,,
12.png,,,,
13.png,,,,
new menu,hydraulic approved,,,
Package-30,1.Package-30.jpg,,,
Package-31,2.Package-31.jpg,,,
Package-32,3.Package-32.jpg,,,
Package-33,4.Package-33.jpg,,,
Package-34,5.Package-34.jpg,,,
Package-35,6.Package-35.jpg,,,
Package-36-Perur B.C-HPs,7.Package-36-Perur B.C-HPs.jpg,,,
D2 of Perur B.C,8.D2 of Perur B.C.jpg,,,
D3 of Perur B.C,9.D3 of Perur B.C.jpg,,,
D4 of Perur B.C,10.D4 of Perur B.C.jpg,,,
Approved H.P's-HNSS CANAL,,1.Approved H.P's- HNSS CANAL -Corrected.xlsx,,
